ADRG AARTI DRUGS-B1
ARTI AARTI INDUST-B1
AADM AARVEE DENIMS-B1
AASI AASHI INDUS-Z
ABCS ABACUS COMP.-Z
ABAN ABAN LLOYD-B1
ABCI ABC INDIA-B
ABG ABG HEAVY IND-B1
ABHP ABHISHEK INDU-B
ABLB ABL BIO TECH-Z
ACEI ACE INDIA-B
ACE ACE LAB-Z
ACII ACI INFO-Z
ACKT ACKNIT KNIT-B
ACRO ACROW INDIA-B
ACRI ACRYCIL INDIA-B
ADMF AD-MANUM FIN-B
ACMF ADAM COMSOF-B
ADRS ADARSH CHEM-Z
ADER ADARSH DERI-B
ADPP ADARSH PLANT-B
ADDI ADDI IND.-B
ADEC ADITYA ELECT-Z
ADFG ADITYA FORGE-Z
ADLI ADITYA LIME-Z
ADPY ADITYA POLY-Z
ADLF ADLABS FILM-B1
ADOF ADOR FONTECH-B
ADML ADOR MULTIPR-Z
ADOR ADOR WELDING-B1
AEFT ADV EXT F TEC-B
ADMD ADVANCED MIC-B
ADHO ADVANI HOTEL-B
ADCO ADVENT COMP-B
AEGS AEGIS LOGIS-B1
AEKT AEKTA-B
ASMF AFT INDUST-B1
AFTK AFTEK INFOSYS-B1
AGRC AGRO CHEM-Z
AGDI AGRO DUTCH I-B1
AGRO AGRO TECH F-B1
AHLP AHLCON PAREN-B
AHMD AHMED.FORG-B1
AHMG AHMEDABAD GAS-Z
AHMS AHMEDABAD STL-B
AJPH AJANTA PHARMA-B1
AJAS AJANTA SOYA-B
AJTB AJANTA TUBES-Z
AJCM AJCON GLOBAL-B
AKAF AKANKSHA FIN-B
AKAR AKAR LAMINAT-B
AKSO AKSH OPTIFIB-B1
ALAH ALACRITY HSG-B
ALBD ALBERT DAVID-B1
ALBW ALBR WILSON-B1
ALCM ALCOBEX MET-Z
ALMG ALEM.GLASS-B
ALFA ALFA LAVAL I-A
ALFT ALFA TRANSFO-B
ALKY ALKYL AMINES-B1
ACFS ALLIANCE CAP-Z
ALPH ALPHA DRUG-B1
ALPS ALPS INDUS-B1
ABBP ALSTOM PROJEC-A
ALST ALSTOM-B1
AMAL AMAL-B
AMRD AMAR DYE-CHE-Z
AMPY AMAR POLY-Z
AMAR AMARA RAJA B-B1
AMSM AMARJO SPG-B
AAAI AMBICA AGAR.-B1
AMPC AMBITIOUS PL-Z
AMBU AMBUJA CEMENT-B1
AMEL AMBUJA ELEC.-Z
AMZI AMBUJA ZINC-Z
AMCO AMCO INDIA-B
AMEX AMEX INFO TCH-B1
AMIC AMI COMPUTER-T
AMNP AMINES&PLAST-Z
AMSP AMIT SPIN-B
AMRA AMRAPALI DEV-B
AMRT AMRIT PROTEIN-Z
ACCI AMRUT CREDIT-Z
AMRM AMRUT INDUST-Z
AMTK AMTEK AUTO-B1
AMTI AMTEK INDIA-B1
ANAC ANAND COTSPIN-Z
ANRA ANANT RAJ-B
ANNT ANANT ROTO-Z
ANCT ANANTHI CONS-Z
ADBK ANDHRA BANK-A
ANDC ANDHRA CEM-Z
ADPE ANDHRA PETRO-B
ADVA ANDHRA VALL-Z
ANDY ANDREW YULE-B1
ANLC ANIL CHEM-Z
ANIL ANIL MODI OIL-Z
ANJN ANJANI SOLV-Z
ANSB ANSAL BUILD-B
ANSL ANSAL HOUS.-B
ANSP ANSAL PROPERT-B1
ANTC ANTARCTICA-B
ANUH ANUH PHARMA-Z
APAR APAR INDUS-B1
APEE APEEGO-Z
APLE APLAB-B1
APMI APM INDUST-Z
APLM APOLLO FIN-B
APLH APOLLO HOSP.-A
APLO APOLLO TYRE-A
APLC APPLE CRED -B
APLF APPLE FIN-B
ARAP ARAVALI PIPES-Z
ARCE ARCEE INDUST-B
ARGG ARCHIES LTD-B1
AREX AREX INDUST-Z
ARDH ARIDHI HITEC-B
ARCM ARIHANT CAP-B
ARIC ARIHANT CORP-Z
ARHC ARIHANT COTS-Z
ARIE ARIHANT ENT-B
ARHI ARIHANT IND.-Z
ARIT ARIHANT THERM-Z
ARTH ARIHANT THREA -B
ARME ARMAAN ELECT-Z
AROG ARO GRANITE-B
ARCI ARONI CHEM-B
AROR ARORA FIBRES-B
ARRO ARROW COATED-Z
ARTS ARTSON ENG-B
ARNM ARUN MANTEX-Z
ARNP ARUN PROCES-Z
ARHO ARUNA HOTELS-Z
ARND ARUNODAY-B
ARVI ARVIND INTER-B
ARMI ARVIND MILLS-A
ARVR ARVIND RASHA-Z
ARRE ARVIND REMEDI-B1
ASFB ASAHI FIBRES-Z
AISG ASAHI I GLASS-A
ACEX ASCENT EXIM-B
ASHM ASHAPURA MINE-B1
AAIN ASHIANA AGRO-Z
AHFN ASHIANA HSG-B
ASHI ASHIANA ISP-B
ASHL ASHIMA-B1
ACL ASHIRWAD CAP-B
ASSI ASHIRWAD STL-Z
ASHA ASHOK ALCO-B
ASOK ASHOK LEYLAND-A
ASHR ASHOKA REFIN-Z
ASKL ASHOKLEY FIN-B1
AFAB ASIA FAB-Z
APAC ASIA PAC FIN-Z
ASPI ASIA PACIFIC-Z
ASRF ASIA REFINERY-Z
ASIA ASIAN ALLOYS-Z
ASBR ASIAN BEARING-B
ASEL ASIAN ELECTR-B1
ASFR ASIAN FERTIL-Z
ASHT ASIAN HOTELS-B1
ASIN ASIAN I NETW-B
ASPN ASIAN PAINT-A
APTR ASIAN PETRO-Z
ASAN ASIAN STAR-B
ATE ASIAN TEA-B
ASMT ASM TECH-B
ASMB ASSAM BROOK-B
ASMC ASSAM CO-B1
ASAL ASSO ALCOHOL-Z
ASOS ASSO STONE-Z
AMG ASSOC MARMO-Z
ASBC ASSOCIAT BUS-Z
ASTR ASTRAZENECA P-B1
ATCO ATCOM TECH-B1
ASWM ATLANTIC SPG-B
ATLA ATLAS COPCO-B1
ATLP ATUL-B1
AURL AURO LABS-B
ARBN AUROBINDO PH-A
AURO AUROKNIT EXP-Z
ATOA AUTO AXLES-B1
ATOG AUTO COR.GOA-B1
ATOT AUTO TENSION-Z
AUTL AUTOLITE (I)-B
AUTP AUTOPAL INDU-Z
ATOR AUTORID FIN.-B
AVAN AVANTEL SOFT-B
AVNT AVANTI FEEDS-B1
AVNC AVON INDUST-Z
AVOR AVON ORGANIC-B1
AVTN AVT NATURAL P-B
AXEL AXEL POLYMER-B
BACP BACIL PHARMA-Z
BAID BAID LEAS FIN-Z
BJST BAJAJ  STEEL-Z
BJFN BAJAJ AUTO F -B1
BJAT BAJAJ AUTO-A
BJEL BAJAJ ELEC.-B1
BJPL BAJAJ PLAST-B
BJTM BAJAJ TEMPO-B1
BJHN BAJAJHIND.LT-B1
BALA BAL LAW VANL-B1
BALP BAL PHARMA-B1
BALT BALA TEC SYN-B
BHEP BALAJI HOTELS-B
BALI BALAJI INDUST-B
BSTP BALAJI STEEL-Z
BLTE BALAJI TELE-A
BLFC BALMER L FRE-Z
BLMR BALMER LAWRI-B1
BACH BALRAMPUR CHI-B1
BAMB BAMBINO AGRO-B
BNCO BANCO PRO P-B1
BOI BANK OF INDIA-A
BOR BANK OF RAJ -B1
BANI BANKA INDIA-B
BANN BANNARI AMAN-B1
BATA BATA INDIA-B1
BATH BATHINA TECH-B
BTLI BATLIBOI-B
BAYE BAYER CROP-B1
BDIL BAYER DIAGNOS-B1
BCCF BCC FUBA-Z
BDHI BDH INDUST-B
BEEE BEE ELEC.-B
BLCR BELL CERAMIC-B
BLCN BELLS CONTRL-B
BNRS BENARES HOT-B
BENT BENGAL TEA-B
BRGR BERGER PAINT-B1
BSTC BEST&CROMPT.-B
BSTA BESTA VISION-Z
BETA BETA NAPHTHOL-Z
BFUT BF UTILITIES-B1
BHAG BHAGAWATI GAS-B
BDYC BHAGERIA DYE-B
BHEG BHAGH ENGG-B
BHGW BHAGWANDAS M-B
BGAT BHAGWATI AUT-Z
BHGT BHAGYA METALS-B
BHVP BHAGYA VEG-Z
BHWP BHAGYA WOOD-B
BHLF BHAGYASH LEA-Z
BHEX BHANDARI HOS-B
BHAN BHANSALI ENG-B1
BBRG BHARAT BERG-Z
BBJL BHARAT BIJLE-B1
BCIL BHARAT COMM-B
BEML BHARAT EARTH-A
BGRS BHARAT GEARS-B
BHPL BHARAT PAREN-Z
BPCL BHARAT PETRO-A
BSTS BHARAT SEATS-B
BTSH BHARAT STARCH-B
BHAZ BHARAT ZINC-Z
BHRH BHARTI HEALTH-B
BRTI BHARTI TELEVE-A
BHIS BHILWARA SP-B
BHIN BHOR INDUST -B
BHRK BHORUKA ALU-Z
BHGS BHORUKA GAS-B
BHST BHORUKA STL-Z
BSSL BHUSHAN STEEL-B1
BHTI BHUVAN TRIPU-Z
BHLK BHUWALKA STL-B
BHRC BIHAR CAUSTC-B1
BHSP BIHAR SPONGE-B
BIL BILCARE-B1
BMTL BIMETAL BEAR-B1
BISR BINACA SYNTH-Z
BINZ BINANI INDU-B1
BIOP BIOPAC INDIA-B1
BRCN BIRLA CEN FIN-B
BRLC BIRLA CORP-A
BRLE BIRLA ERIC-B1
BRGF BIRLA GBL FIN-B1
BRLK BIRLA KENNA-B
BRLY BIRLA POWER-B1
BTCP BIRLA TRANS-Z
BVXL BIRLA VXL-B
BKDU BK DUPLEX BOA-B
BLIS BLISS CHEM-B
BLOD BLOOM DEKOR-B
BLOW BLOW PLAST-B1
BBFL BLUE BL FIN-Z
BLBL BLUE BLEND-Z
BLDT BLUE DART-B1
BLUE BLUE INFO TECH-Z
BLUS BLUE STAR-B1
BNKC BNK CAPITAL-B
BOBS BOBSHELL EL-B
BBRL BOMBAY BAROD-B
BDYN BOMBAY DYEING-A
BOMP BOMBAY PAINT-B
BSLK BOMBAY SILK-Z
BORO BOROSIL-B
BPL BPL -B1
BPLG BPL ENG-B1
BPLE BPL REFRIGER-B
BRAP BRAWN PHARMA-B
BREL BREL INFOTECH-B
BRST BRIDGE SECUR-B
BRIB BRIGHT BROS-B
BISL BSEL INFO SYS-B1
BURB BURR BROWN-Z
BURR BURROUGH WEL-B1
CALI CALIFORNIA S-B
CALS CALS-Z
CAIN CAMEX INTME-B
CAMP CAMPH.& ALL-B1
CANG CANA GLASS-Z
CICL CANAAN INTL-B
CNST CANARA.STEEL-Z
CAPI CAPITAL HOTL-B
CAPR CAPRIHANS-B1
CRBR CARBORUNDUM-B1
CARO CARONA LTD.-Z
CATT CAT TECH-B
CPRO CATVISION PR-B
CDRH CDR HEALTH-Z
CDMI CDR MEDICAL-Z
CEAT CEAT-B1
CKYD CEEKAY DAIK-B
CEXP CEENIK EXPO-B
CTRC CENTRAL CONC-B
CENB CENTURION BNK-B1
CNTE CENTURY ENKA-A
CNTX CENTURY EXT-B
CENT CENTURY PROT-Z
CNTY CENTURY TEXT-A
CNTT CENTURY TUBE-Z
CEIT CEREBRA INT-B
CFLC CFL FINANCE-B
CHBR CHAMBAL BREW-Z
CHMB CHAMBAL FERT-A
CHPI CHAMPAGNE V-Z
CHMP CHAMPDANY IND-B
CENG CHANDNI ENGG-B
CHSY CHANDRA SYN-Z
CGEX CHARMINAR GR-Z
CHCI CHARTERED CAP-B
CHDR CHEM. DRUGS-B1
CHMC CHEMCROWN-Z
CHEQ CHEMIEQUIP-Z
CHEP CHEMO PHARMA-Z
CHMX CHEMOX CHEM.-Z
CHLB CHEMOX LAB-Z
CHSE CHEMOX SEC-Z
CHPL CHEMPLAST SAN-B1
CHTX CHESLIND TEXT-B
CHVI CHEVIOT-B1
CHIT CHITRA SPINTX-Z
CHGE CHOKHANI GLB-Z
CHOK CHOKHANI SEC-B
CHOA CHOKSI ANALY-B
CHKS CHOKSI TUBE-B
CHLA CHOLAINV&FI-B1
CHWG CHOWGULE ST-B1
CIBA CIBA SPECIAL-B1
CINH CINDRELLA  HOT-B
CINC CINERAD COMM-B
CINE CINEVISTAAS-B1
CITR CITURGIA-B
CTYL CITY LIFTS-Z
CTBK CITY UNION BK-B1
CJGE CJ GELATIN-Z
CLRI CLARIANT (I)-B1
CLAR CLARO INDIA-Z
CLSD CLASS.DIAM.-B1
CLGS CLASSIC GLOBE-B
CLPR CLASSIC PRESS-Z
CLIO CLIO INFOTECH-B
CLTH CLUTCH.AUTO-B1
COAT COATS-B1
CMEI COCHIN MALA-Z
CMIN COCHIN MIN.-B1
CBLW COCHIN R BALM -Z
COLO COLOR CHIPS-B1
CDIS COMPACT DISC-B
CPA COMPETE AUTO-B
CMPU COMPUCOM SFW-B1
CDYN COMPUDYNE WIN-B
CINT COMPUTECH INT-B1
COMP COMPUTER PON-B
CONE CONARTENGINE-B
CNSD CONSOL SEC-Z
CSFB CONSOL.FIBRE-B
CNSR CONSORT FIN-Z
CARL CONSORTEX KARL-B
CCTL CONT CONTROLS-B
CTCN CONT. CONST.-B1
CTCH CONT.CHEM-Z
CTPT CONT.PETRO-Z
CCRI CONTAINER COR-A
CWAY CONTAINERWAY-Z
CONP CONTROL PRINT-B1
CORL CORAL LABS-B1
CBIO CORE EMBALLAG-B
CORO COROMA BIO-Z
CORF COROMAN FERT-B1
COSI COSCO INDIA-B
CSFR COSMO FERR.-B1
CSFL COSMO FILMS-B1
CSMS COSMOS LEATH-Z
CVTR COVENTRY COI-B
CSEG COVENTRY SPR-Z
CRAN CRANEX-Z
CEYE CREATIVE EYE-B1
CRCO CREST COMM-B1
CRPM CREST PAPER-Z
CRST CRESTCHEM-Z
CRSL CRISIL-B1
CRFS CRYSTAL SOF-B
CUBI CUBICAL FIN-B
CYBI CYBERMATE IN-B
CYBR CYBERSPAC-B
CTSS CYBERTECH-B1
DWEI D&H WELDING-B
DAEW DAEWOO MOTOR-B1
DGGR DAGGER FORT-B
DLMI DALMIA BH-B1
DALI DALMIA INDUS-B
DNLW DANLAW TECHNO-B
DATA DATALAB-B
DART DATALINE RES-Z
DAIT DATAPRO INFO-B1
DASI DATASOFT APP-B
DAUR DAURALA ORG.-B
DCFS DCM FINANCIA-B
DCML DCM LTD-B1
DCMC DCM SHRAM CON-B1
DCMI DCM SHRAM IND-B
DCNG DECCAN GRANI-Z
DCNH DECCAN HOSP-Z
DPFE DEEPAK FERT.-B1
DPSP DEEPAK SPINN-B
DEEP DEEPHARMA-Z
DREI DELCO REMY-Z
DLTH DELTA HAMLIN-Z
DELP DELTA POLYES-Z
DLTN DELTON CABLE-Z
DNME DENIM ENTP-B
DNSO DENSO INDIA-B1
DWNH DEWAN HDF-B1
DWNR DEWAN RUBBR-Z
DEWS DEWAN STEELS-Z
DWNT DEWAN TYRES-Z
DFMF DFM FOODS-B
DGPW DGP WINDSOR-B
DINV DHAMPUR INVER-Z
DAMS DHAMPUR SUGAR-B1
DHRT DHAN ROTO SP-B
DHNP DHAN.PEST P -Z
DNBK DHANALAKSHMI-B1
DHAN DHANLAXMI FAB-B
DHCM DHAR CEMENT-Z
DHAI DHAR INDS-Z
DHRS DHARANI SUG-B
DHRP DHARMADEEP P-Z
DHOI DHOOT HS FIN-B
DHOO DHOOT I FIN-Z
DHUN DHUNSERI TEA-B1
DICH DIAMINES&CHM-B
DGIF DIGIFLEX-Z
DIGM DIGITAL MULT-B
DISA DISA IND-B
DVYC DIVIYA CHEM-Z
DSS DJS STOCK-Z
DOL DOLPHIN LAB-B
DOLP DOLPHIN OFFSH-B
DPIL DPIL-B
REDY DR. REDDY-A
DLCM DSJ COMM-B
DSPM DSP MERRILL-B1
DSQS DSQ SOFTWARE-B
DUPC DUJOD PAP CH-B
DUJP DUJODWALA PR-B
DUJL DUJOHN LAB-B
DYNA DYNA LAMPS-Z
DSSL DYNACONS SYS-B
DYNM DYNAMATIC TEC-B1
DYNV DYNAVISION-Z
DYEL DYNAVOX ELEC-Z
EMIN EASTERN MIN -Z
EASO EASTERN OVER-Z
ESIL EASTERN SILK-B1
EAST EASTERN SUG-Z
ECOP ECOPLAST LTD-B
EICH EICHER MOTOR-B1
ECTR EICHER-B1
EIHA EIH A HOTELS -B1
EIMC EIMCO ELECON-B1
ELBE ELBEE SERV-B
ELDP ELDER PHARMA-B1
ELDE ELDER PROJECT-Z
ECGR ELEC CONTROL-B
ELCN ELECON ENG-B1
ELCO ELECON FIN-Z
ELIN ELECTRA IND-Z
ELEC ELECTREX (I)-Z
ELEX ELECTROLUX K-B1
EFAI ELEGANT FLOR-B
ELGA ELGI AUTO-Z
ELGE ELGI EQUIP-B1
ELGF ELGI FINANCE-Z
ELGT ELGI TREAD-B1
ELPR ELPRO INTER-B
ELPP ELPRO PACKAG-Z
EMAI EMA INDIA P -B
EMCO EMCO-B1
EMRG EMERGY PHARM-Z
EMME EMMESSAR BIOT-B
EMPE EMPEE SUGARS-Z
ENCO ENCORE SOFT-B1
ENOR ENNORE FOUND-B
ENSA ENSA STEEL-Z
EPCI EPC INDUS-Z
EPIC EPIC ENZYME-B1
ESAB ESAB INDIA-B1
ESFS ESCORTS FIN-B
ESRO ESSAR OIL-Z
ESRS ESSAR SHIP-B1
ESRG ESSAR STEEL-B1
ESSR ESSAR TELE-Z
ESTR ESTER IND PU-B1
ETCN ETC NETWORKS-B1
EUPH EUPHARMA LABS-Z
ERIN EURO INDU-Z
EUMP EURO MARINE-Z
ERPS EUROPEAN SOFT-B
EURO EUROTEX IND-B1
ERDY EVEREADY INDU-B1
EVRI EVEREST IND-B1
EVES EVERLON SYN-B
EXCI EXCEL IND-B1
EXPO EXPO GAS CON-B
FAGB FAG BEARINGS-B1
FAIR FAIRDEAL FIL-Z
FACI FAL INDUST-B
FLTR FALCON TYRES-B
FSTC FAST CAPITAL-B
FCIO FCI OEN CON-B1
FCLT FCL TECH-B1
FDCL FEDDERS LLOYD-B
FEMC FEM CARE PH-B
FENO FENOPLAST-B
FROC FERR.CONCR-Z
FROA FERRO ALLOYS-B1
FGPL FGP LTD-B
FCMI FICOM INDU-B
FICO FICOM ORG-B
FILA FILAMENTS IND-B
FLTX FILATEX INDIA-B
FITE FINANCIAL TEC-B1
FINE FINE DRUGS-B
FNLN FINE LINE C-B
FSTL FIRST LEAS-B1
FLAT FLAT PROD EQP-B1
FLEG FLEX ENGINER-B1
FLXF FLEX FOODS-B1
FLXI FLEX INDUS-B1
FLXO FLEXO FILM-B
FLUD FLUIDOMAT.-B
FDSI FOODS & INNS-B
FBGX FORBES GOKAK-B1
FORT FORTIS FIN S-B
FRTN FORTUNE FIN-B
FORF FORTUNE FOOD-Z
FSCO FOSECO INDIA -B1
FOFP FOUNDRY FUEL-Z
FGIS FOURTH GENER-B
FRNT FRONTIER INF-B
FRON FRONTIER SPR-Z
FULF FULFORD  I -B1
FUTR FUTURA SEC-B
GABR GABRIEL-B1
GAGA GAGAN GASES-B
GJRA GAJRA BEVEL-B
GALA GALADA POWER-B
GART GAMMA RAYS T-Z
GAMM GAMMON INDIA-B1
GDTB GANDHI TUBE-B1
GLF GANDHINAG LEA-Z
GNSB GANESH BENZO-B
GFC GANESH FNDRY-Z
GHFC GANESH HSG F-B
GNSP GANESH POLY.-B
GNGD GANGADH.APPL-Z
GANG GANGOTRI TEX-B
GARD GARDEN  P -B1
GARC GARNET CONST-B
GRWR GARWARE NYL-Z
GRPY GARWARE POLY-B1
GRSH GARWARE SHIP-B1
GARS GARWARE SYN-B
GRWL GARWARE WALL-B1
GATI GATI-B1
GDRS GDR SOFTWARE-Z
GDRT GDR TELE-B
GECT GE CAP TRANS-B
GEIH GEI HAMON-B
GEMC GEMINI COMMU-B
GENS GENESYS INTL-B1
GEOE GENUS OVERSE-B
GEOJ GEOJIT FIN-B
GSTE GESTETNER(I)-B
GIBF GIC BAL FUND-Z
GBVC GIC BIGVA CG-Z
GBVQ GIC BIGVA QDI-Z
GICH GIC HSG FIN-B1
GRSB GIC RISE 91CB-Z
GCRS GIC RISE 91MI-Z
GILT GILT PACK-Z
GNNI GINNI FILAM.-B
GLHO GL HOTELS-Z
GLEI GLEITLAGER-B
GLIT GLITTEK GRAN-B
GLFS GLOB FIN SEC-Z
GRYA GLOBAL ARYA-Z
GLBB GLOBAL BORADS-B
GLCM GLOBAL CAPIT-B
GLFN GLOBAL FIN-Z
GLBF GLOBAL FOODS-Z
GLIN GLOBAL INFRA-Z
GBTL GLOBAL T BANK-B1
GMMP GMM PFAUDLER-B
GOAC GOA CARBON-B1
GDVF GODAVRI FERT-B1
GDFR GODFREY PHIL-B1
GOCP GODREJ CP-A
GDRJ GODREJ FOOD-B
GODI GODREJ INDUS-B1
GODR GODRICH FIN-Z
GOET GOETZE-B1
GCSL GOLDCREST SE-Z
GATC GOLDEN AGRO-Z
GDNL GOLDEN LAMIN-B
GLDS GOLDSTAR ST.-Z
GOLD GOLDSTONE TE-B1
GOLT GOLDWON TEXT-Z
GDJ GOLKUNDA DIA-B
GNTR GONTER PEIL-B1
GDLA GOODLASS-B1
GDRC GOODRICKE-B1
GDVL GOODVALUE MA-Z
GDYR GOODYEAR  I -B1
GOPP GOPALA POLY-B
GVND GOVIND RUB.-B
GOTE GOVINDJI TRI-Z
GRHP GRAN HEAL PH-Z
GRND GRAND FOUND-B
GRPH GRAPHITE-B1
GRAT GRATEX INDUS-Z
GRWN GRAUR & WEIL-B
GWIN GREAT WEST IND-Z
GRVM GREAVES MORG-B
GRPL GREENPLY INDU-B
GRNN GRIND NORTON-B1
GRUH GRUH FINANCE-B1
GSBF GSB FINANCE-B
GSLI GSL  INDIA -Z
GSLS GSL SECURITI-B
GTN GTN TEXTILES-B1
GUFI GUFIC BIOSC-B1
GALK GUJ ALKALI-B1
GJAE GUJ APOLLO EQ-B1
GJTA GUJ AQUA IND-Z
GUJB GUJ BOROSIL-B
GUJC GUJ CONCAST-Z
GJCI GUJ CRAFT IND-B
GUCC GUJ CREDIT-B
GFIL GUJ FILAMENT-Z
GFWP GUJ FUN WATER-Z
GJIP GUJ IND POW-A
GJIN GUJ INTRUX-B
GUJI GUJ INV CAST-Z
GLYK GUJ LYKA ORG-Z
GMDC GUJ MIN DEV-A
GUJN GUJ NAR FLYAS-Z
GJKN GUJ NAR KNIT-Z
GNFC GUJ NARMADA-A
GJNC GUJ NRE COKE-B1
GUJO GUJ OPTICAL-Z
GJPE GUJ PERSTORP-Z
GJPS GUJ PETROSYN-Z
GPOL GUJ POLY AVX-B
GUJP GUJ POLYWEAVE-Z
GJRI GUJ RAFFIA-Z
GUJS GUJ SP LUBES-Z
GSFN GUJ ST FINAN-Z
GSTB GUJ ST TUBE-Z
GSUS GUJ SUSPEN.-Z
GUJT GUJ TEXSPIN-B
GLSN GULSHAN S&CH-B
GUCI GUPTA CA INT-Z
GUPF GUPTA FIBRES-Z
GPTS GUPTA SYNTH-B
HALD HALDYN GLASS-B
HIDS HANI INDUST-Z
HANI HANIL E TEX -B1
HANF HANJER FIBRE-Z
HARY HAR SHEET GL-B
HRDC HARDCASTLE-B
HARI HARIA EXPORT-B1
HRIC HARIG CRANK-Z
HRYN HARIYANA SH-Z
HRMA HARR.MALAYAL-B1
HARF HARVEST FIN-Z
HRST HARYAN STEEL-B
HARB HARYANA BREW-Z
HAPL HATSUN AGRO-B
HVEL HAVELLS INDIA-B1
HWKN HAWKINS COOK-B
HBLP HB LEAS.PUB-B
HBSH HB STOCKHOLD-B
HBLN HBL NIFE POW-B1
HCLI HCL INFOSYS-A
HCLT HCL TECHNO-A
HENK HENKEL SPIC-B1
HRBT HERBERTSONS-Z
HEFI HERITAGE FO-B1
HEST HESTER PHARMA-B
HITD HI-TECH DRUG-Z
HIGH HIGH ENERGY-B
HIKA HIKAL-B1
HMCH HIMADRI CHE-B
HIMA HIMALAYA INT-Z
HMSD HIMAT SEIDE-B1
HAGR HIND AGRIGEN-Z
HFRD HIND COMPOSIT-B
HCNS HIND CONSTN.-B1
HCPR HIND COPPER-Z
HICE HIND COTEX E-Z
HDRR HIND DORR-B
HHSL HIND HARDY SP-B
HICL HIND IND CHEM-Z
HIND HIND INDUSTR-B
HLLC HIND L CHEM-B1
HLL HIND LEVER-A
HMTR HIND MOTORS-B1
HNGI HIND NAT GLS-B
HOEX HIND OIL EXP-B1
HOCL HIND ORG CHEM-B1
HRCT HIND RECT-B
HTWK HIND TIN WORK-B
HTRN HIND TRANS-Z
HWRS HIND WIRES-Z
HFRL HIND.FER.ALL-Z
HFDS HIND.FOODS-Z
HLES HIND.LEASING-B
HMGN HIND.MAGNET-Z
HPCL HIND.PETROL-A
HPWR HIND.POWER-B1
HSNT HIND.SANITAR-B1
HSYN HIND.SYNTEX-B
HALC HINDALCO-A
HSPG HINDOO SPG-B1
HTMT HINDUJA TMT-A
HCER HINDUST CER-Z
HIAD HINDUSTAN AD-B
HTGR HITEC GEAR-B1
HTDR HITECH DRILL-B1
HIEL HITECH ENT-B
HIJI HITECHI JEWE-Z
HITK HITKARI FIB-Z
HITI HITKARI INDU-B
HOND HONDA SIEL-B1
HTLE HOTEL LEELA.-B1
HOTR HOTEL RUGBY-Z
HTLS HOTEL S.KRIH-Z
HTLG HOTLINE GLASS-B
HTLN HOTLINE P -B
HYFL HYDR FLEXT-B
HYSF HYDRO S&S F-B
HYTO HYTONE TEXS-B
ICCN ICCON OIL-Z
ICPU ICIC PRE UNIT-B
ICBK ICICI BANK-A
ICPO ICICI POWER-Z
ICIE ICICON ELECT-Z
IDEC IDEAL CARPETS-B
IECS IEC SOFTWARE-B
IFBA IFB AGRO-B
IFBI IFB IND.LTD.-B
IFBS IFB SECURITI-B
IFRF IFGL REFRAC-B1
IITC IIT CAPITAL-B
INCB INCAB IND.-Z
INCP INCAP CAPACI-B
INCR INCORP ENGG-Z
IBNK IND BANK HSG-B
ICAB IND CABLES-Z
ICHR IND CHR P-Z
IFFR IND FOOD FERM-Z
IHME IND HUME P-B1
IDLE IND LEAS DEV-B
IMFA IND METALS-Z
IMOT IND MOTI-Z
INDN IND NAVRATNA-Z
INEL IND NIPPON E-B1
INPY IND POLYFINS-Z
IPPA IND PRAK PL A-Z
IPPB IND PRAK PL B-Z
INDP IND PROGRESS-Z
IRST IND RESORT-B1
INGA IND SAGAR-Z
ISFN IND SEAM FIN-Z
INSW IND SWIFT-B1
INDA INDABRATOR-Z
IDGR INDAG RUBBER-B
IMBS INDBANK MERCH-B
ICST INDIA CASTER-Z
ICCF INDIA CEM CAP-B
ICMN INDIA CEMENT-A
IFLS INDIA FOILS-B1
IGLY INDIA GLYCOL-B1
IGYP INDIA GYPSUM-B1
IPLY INDIA POLY P-B1
INRB INDIA RUBBER-Z
ISTM INDIA STEAM.-B
ITDC INDIA TOURIS-Z
IACR INDIAN ACRY-B
IALM INDIAN ALUM-A
ICRD INDIAN CARD-B1
IDRY INDIAN DAIRY-Z
INDE INDIAN EXTR-B
IHTL INDIAN HOTEL-A
IOBK INDIAN OVRSEA-A
IRYN INDIAN RAYON-A
INSU INDIAN SUCROS-Z
INDR INDITALIA REF-B
INAM INDO AMINES-B
INAQ INDO AQUATIC-Z
IASI INDO ASIAN F-B
IBFL INDO BIOTECH-Z
IBCH INDO BORAX-B
INBG INDO BOS GEM-Z
ICCL INDO CREDIT-B
IDPR INDO DUTCH-Z
INFB INDO F BIOTEC -B
IGLF INDO GULF-A
IMTS INDO MATSU-B1
INTL INDO NATIONL-B1
IPCB INDO POWER C-Z
INDZ INDO ZINC-Z
ICNT INDO-BCOUNT-B
INGE INDO-GERMA-Z
IMAP INDO.MAS.APP-B
INFL INDOCOUNT FIN-B
IGEX INDOGULF IND-Z
IKEM INDOKEM-B
IRSY INDORAMA SYN-A
IDRE INDORE TOOLS-B
INWC INDORE WIRE-Z
IMCL INDRAPRAS MED-B1
INBT INDRAYANI BIO-B
INNI INDU NISSAN-B
IDUS INDUS FOODS-Z
INDI INDUS INV TR-B1
INNE INDUS NET-B
INBK INDUSIND-A
INFD INDUSMIN FOOD-Z
IDSW INFO DRIVE S-Z
INTI INFO TECH-Z
INFO INFOMEDIA IND-B1
ISEL INFOQUEST SO-B
ITEC INFORM TECH-B
INFY INFOSYS TECH-A
INFE INFOTECH ENT-B1
IDIL INFRASTR DEV-Z
INMF INNO MAR FOOD-B
IOSF INNOSOFT TECH-B
INOS INNOV SECUR-B
INSE INNOV SOFTW-Z
INOV INNOVAT PRINT-Z
INSI INSILCO-B1
INSC INTEC SECUR-Z
ITHG INTEG TECHNO-B
INTR INTEG.RUBIAN-B
INEI INTEGRA ENTE-B
IFSL INTEGRA FINA-B
INTE INTEGRATED HI-B
ITVS INTELVISIONS-B
INTC INTER COMBUS-B
IGFL INTER GLOBE F-Z
ISFL INTER STATE-B
ITRV INTER TRAVEL-B1
INCF INTERCRAFT-Z
INFS INTERFACE FI-B
IPRO INTERFIT TECH-B
INEX INTERLINK EX-Z
INPL INTERLINK PET-Z
ITRN INTRON-B
IONX ION EXCHANGE-B
IPRI IP RINGS-B1
IQMS IQMS SFW-B
ISHI ISHITA DRUGS-B
ISIB ISI BAR-B1
ITT IT&T-B1
ITHO ITC HOTEL-B1
IVRC IVRCL INFRA-B1
JGJJ JAGATJIT IND-B1
JAGA JAGSON AIRLI-B
JGSN JAGSON PHAR-B1
JFIL JAGSONPAL FI-B
JAIC JAI CORP-B1
JMRG JAI MATA GL-B
JAPS JAI PAR.SPR-B
JSTD JAIN STUDIOS-B1
JNCO JAINCO PROJ-B
JAIP JAIPRAKASH I-A
JPRP JAIPUR POLY.-B
JSYN JAIPUR SYNT-Z
JALP JALPAC INDIA-B
JASC JASCH IND-B
JBML JAY BUS MACH-Z
JFMS JAY FINLEASE-Z
JAFC JAY FLASH CE-Z
JAYH JAY HIND SYN-B
JAIS JAY IRON & STL-Z
JARR JAY RAPID RO-B
JAYY JAY YUSHIN-B
JAAO JAYANT AGRO-B1
JYNP JAYANT PAPER-Z
JYNV JAYANT VITAM-Z
JAYN JAYASWALS NE-B
JYBM JAYBH.MARUTI-B1
JYPH JAYPEE HOTEL-B1
JYST JAYSHREE TEA-B1
JYSD JAYSY.DYEST.-B
JBFI JBF INDU-B1
JCTE JCT ELECT P -B
JCTL JCT LTD-B1
JENA JENBURKT PH-B
JENN JENSON&NICH.-B1
JHAW JHAVERI WELD-B
JIKI JIK INDUST-B1
JINC JINDAL CAP-B
JNDR JINDAL DRILL-B1
JNHT JINDAL HOTL-B
JNIR JINDAL IRON-A
JOLC JINDAL ONLIN-B
JNPH JINDAL PHFILM-B1
JPLY JINDAL POLY-B1
JNSP JINDAL STEEL-A
JNST JINDAL STRIP-B1
JNDL JINDAL VIJAY-B1
JJEX JJ EXPORTERS-B1
JKDF JK DAIRY FOOD-B
JKIN JK INDUS-B1
JKIT JK INV TR-Z
JKPA JK PAPER-B
JKPC JK PHARMA-B
JKSY JK SYNTHETIC-B1
JLMI JL MORISON-B1
JMSH JM SH&STOCK-B
JMAI JMA INDUST-B
JMCP JMC PROJECTS-B1
JMTA JMT AUTO-B
JOGE JOG ENGG-B
JOLF JOLLY LEASIN-Z
JOLM JOLLY MERCHAND-Z
JOLY JOLLY PLAST-Z
JOEC JOSTS ENG-B
JRCI JRC INDUST-B
JUBO JUBIL ORG-B1
JUMB JUMBO BAG-B
JPTE JUPITER BIO-B1
JYOV JYOTI OVER-B
JYRA JYOTI RESINS-B
JYTS JYOTI STRUCT-B1
JYTI JYOTI-B
KDHC K DHANDAPANI-Z
KASH KAASHYAP RAD-B1
KABD KABRA DRUGS-Z
KBRE KABRA EXTR-B1
KAJR KAJARIA CER-B1
KKTY KAKATIYA CEM-B1
KAKT KAKATIYA TEX-B
KALE KALE CONSULT-B1
KALI KALINDEE RAIL-B1
KAPT KALPAT POWER-B1
KLYN KALYAN SEA-Z
KLBK KALYANI BRAK-B1
KLSH KALYANI SHPR-B1
KLSL KALYANI STEL-B1
KMDG KAMADGIRI SYN-B
KMAN KAMANWALA-Z
KAMT KAMAT HOTELS-B
KMLA KAMLA DIALS-B
KAND KANDAGIRI SP-B
KNOI KANOIS PAPER-B
KNRC KANORIA CHEM-B1
KNRI KANORIA IND.-Z
KNRP KANORIA PETR-B
KARI KARAN INDU-Z
KRAN KARAN WOO SIN-B
KRNT KARNATAKA CH-Z
KAFS KARNATAKA FIN-B
KNAV KARNAV LEATHER-Z
KPPM KAY PULP PAP-B
KDLB KDL BIOTECH-B1
KECI KEC INTER.-B1
KEDD KEDIA DIST-Z
KDVN KEDIA VANAS-Z
KEIN KEI INDUST-B
KEMR KEMROCK IND-B
KEAP KERALA AYURV-B
KRLA KERALA CHEM.-B1
KSRE KESAR ENT.-B
KSRP KESAR PETRO-B
KSRM KESORAM-B1
KELY KEY LEASING-B
KEYC KEYNOTE CORP-B
KGDE KG DENIM-B1
KHEL KHAITAN ELEC-B
KHSE KHANDWALA SE-B
KHAT KHATAU-Z
KHDI KHOD.INDIA-B1
KHYA KHYATI MULTI-B
KILC KILBURN CHEM-B
KLBE KILBURN ENGG-Z
KLBR KILBURN REPR-B
KILL KILLICKNIXON-B
KNTE KINETIC ENG-B1
KCHM KING CHEM-Z
KSYN KIRAN SYNTEX-Z
KIRA KIRANOVERSEA-Z
KRFI KIRL FERROUS -B1
KROL KIRL OIL-B1
KRIN KIRL.INVEST-Z
KRWR KIRL.WARNER-Z
KISM KISAN MOULDI-B
KJFS KJMC FINANCI-B
KLGS KLG SYSTEL-B1
KITL KOLAR BIOTECH-B
KONA KONAR ORG-Z
KNRK KONARK SYN.-B
KONT KONKAN TYRES-Z
KPRN KOPRAN-B1
KOSH KOSHA CU CONT-Z
KTKM KOTAK MAH BK-A
KOTA KOTAWALA IND-B
KFBL KOTHARI FERM-B
KTSY KOTHARI GLOB-Z
KTIN KOTHARI IND.-Z
KPRO KOTHARI PROD-B1
KTSG KOTHARI SUG.-B
KMCH KOVAI MEDI.-Z
KRBL KRBL-B1
KREB KREBS BIOCHEM-B1
KEGW KRISHNA ENG-Z
KRIF KRISHNA FILA-B
KRTI KRITI AGRO PL-B
KRON KRONE COMM-B1
KRPT KRYPTON IND-B
KSBP KSB PUMPS-B1
KSLI KSL AND INDUS-B
KLKB KULKARNI POW-B
KUNS KUNSTSTOFFE-B
KSHL KUSHAL DIAM-Z
LAMA LA MANSION GR-Z
LAOP LA OPALA GLA-B
LAFP LAFFANSPETRO-B
LAKH LAKHANI IND-B1
LAKF LAKHANPAL FD-Z
LALW LAKSHMI AUTO-Z
LKEL LAKSHMI ELEC-B1
LKMC LAKSHMI MACH-B1
LKML LAKSHMI MILL-B
LKSY LAKSHMI SYN-Z
LNCO LANCO INDUST -B1
LLCL LANDMARC LEI-B1
LEDO LEDO TEA P -B
LIBE LIBERTY OIL-B
LIBP LIBERTY PHOSP-B
LIBS LIBERTY SHOES-B1
LIME LIME CHEM-Z
LINM LINAKS MICRO-B
LINR LINEAR POLY-B
LIPC LINK PHARMA-B
LIPS LIPPI SYSTEM-B
LKPM LKP MER.FIN.-B
LEEG LLOYD ELECT-B
LYST LLOYD STEEL-B1
LYFN LLOYDS FIN.-B
LOGI LOGIX MICROS-B1
LOTU LOTUS CHOC-B
LUMA LUMAX IND-B1
LUPL LUPIN LAB-B1
LUPN LUPIN-A
LYKA LYKA LABS-B1
MSFW MAARS SOFTWR-B1
MACA MAC AGRO-Z
MCCH MAC CHARLES-Z
MCPL MACHINO PLAS-B
MACI MACMILLAN IND-B1
MDVM MADHAV MARB.-B1
MDHU MADHUMIL SYN-Z
MADH MADHUMILAN F-Z
MCF MADHUR CAP-B
MAFP MADHUR FOOD-Z
MDUI MADHUS.IND.-B
MPGL MADHYA P GLY-B
MSAL MADRAS ALUM-B1
MSCM MADRAS CEM-B1
MDFT MADRAS FERT-B1
MSPT MADRAS PETRO-Z
MFCL MAFAT FINANC-B
MFTD MAFATLAL DYE-B
MFTI MAFATLAL IND-B
MRUB MAGNUS RUBB-Z
MHEX MAHA EXPL F.-Z
MHPY MAHA POLY-Z
MAHR MAHA RUBTECH-B
MHSC MAHA SCOOTER-B1
MAFD MAHAAN FOODS-B
MHGT MAHAGAN TEXP-Z
MHLX MAHALAXMI SM-B
MAHI MAHAMAYA INV-Z
MHSP MAHAVIR SPG.-B1
MAHC MAHENDRA CEM-Z
MHPT MAHENDRA PET-Z
MHSH MAHESH PROT-Z
MHUG MAHIN UGINE-B1
MAIK MAIKAAL FIB-B
MAJE MAJESTIC IND-Z
MKRS MAKERS LAB.-B
MLBR MALABAR BLDG-B
MANS MALANPUR ST-Z
MLRH MALAR HOSP-B
MALS MALVIKA STEE-Z
MLWA MALWA COTTON-B1
MIND MAN INDUS-B1
MNLI MANALI PETRO-B
MNYR MANAV YARN-Z
MDVP MANDOVI PELL-Z
MNDS MANDSAUR FER-Z
MNGL MANG.CHEM-B1
MDPM MANGAL DYE-Z
MAGF MANGAL FIN-Z
MGLC MANGALAM CEM-B1
MANI MANGALAM IND-Z
MGLT MANGALAM TIM-B
MNUG MANUGRAPH IND-B1
MARL MARAL OVERS-B1
MRDI MARDIA CHEM-B
MRCP MARDIA COPP-Z
MARE MARDIA EXTRU-B
MSCT MARDIA SAMYG-Z
MRDS MARDIA STL-B
MRCO MARICO IND-B1
MRNC MARINE CARGO-Z
MKTC MARKET CREAT-B
MARS MARSON'S-B
MRUT MARUTI CARBO-Z
MRTP MARUTI PLAST-Z
MARU MARUTI SYN -Z
MGBL MASCON GLOBAL-B1
MAST MASTEK-A
MSTT MASTER TRUST-B
MTHP MATHER &PLAT-B
MATH MATHEW EASOW-Z
MLBI MATSUSHITA L-B1
MAXI MAX INDIA L-B1
MXSY MAXIMAA SYS-B
MAYU MAYUR UNIQUO-B
MAAI MAYURA ALLOY-Z
MCSL MCS LTD-B
MEDI MEDI CAPS-B
MEGA MEGA CORPN-B
MEHF MEHTA HSG F-Z
MEIF MEHTA I FIN-Z
MEHS MEHTA SECUR-Z
MHTS MEHTA SULFIT-Z
MELS MELSTAR INFO-B1
MRCT MERCATOR LIN-B1
MRCR MERCURY PHY-Z
MTLM METALMAN IND-Z
METR METRO OVERS-Z
MTRO METROCHEM IND-B1
MGF MGF -B
MICE MICRO ENERGY-Z
MICF MICRO FORGE-Z
MICN MICRO INKS-A
MICP MICRO PLANTAE-Z
MIDU MID INDIA-B
MDPH MIDAS PHARMA-B
MIDL MIDLAND IND.-Z
MILS MILK SPECIAL-Z
MLKF MILKFOOD-Z
MLTP MILTON PLAST-B
MDTK MINDTECK IND-B1
MDMD MINI DIAMOND-Z
MINI MINI SOFT-B
MIEE MINTAGE ELEC-B
MTAN MIRZA TANNER-B1
MOBT MOBILE TELE-B1
MODW MODELLA WOOL-Z
MDRD MODERN DAIRI-B
MSUT MODERN DENIM-Z
MDIS MODERN INSUL.-Z
MDRM MODERN MILLS-B
MDSS MODERN SHARES-B
MSTL MODERN STEEL-Z
MSYN MODERN SYNT.-Z
MDTT MODERN TERRY-Z
MTHR MODERN THRED-Z
MDAL MODI ALKALI-Z
MDOL MODI OLIVETT-B
MODI MODI RUBBER-B
MDXX MODI XEROX.-Z
MDPN MODIPON-B1
MOPM MOHIT PAPER-B
MOLD MOLD-BEK PL-B
MONM MONALISA MUL-B
MDIE MONARCH DYES-Z
MONF MONEYCARE FI-Z
MONO MONOTONE EXP-B
MNSN MONSANTO-B1
MNBM MOONBEAM IND-Z
MORA MORARJEE-B1
MORF MORARKA FINE-B
MORL MOREPEN LAB-B1
MGST MORG STANLEY-B1
MRGN MORGAN IND.-Z
MOSC MOSCHIP-B1
MOTH MOTHER MIRA-Z
MOSS MOTHERSON SS-B1
MOVI MOVILEX IRRI-B
MTEL MP TELELINKS-B
MROT MRO-TEK-B1
MSL MSL INDUST-B
MTZC MTZ INDUS-B
MUKA MUKAND-B1
MUKT MUKAT PIPES-B
MUKP MUKERIAN PAP-Z
MKSH MUKESH ST P -Z
MUKR MUKTA ARTS-B1
MUKS MUKUND SYNT-Z
MARC MULTI ARC-B
MSCG MULTILAC SUR-Z
MUAU MUNJAL AUTO-B1
MNJL MUNJAL SHOWA-B1
MYFL MY FAIR LADY-B
MPAP MYSORE PAPER-Z
NCHM NACHMO POLY-B
NGCN NAGAR CONST-B1
NAGA NAGARJUNA AGR-B1
NADR NAGARJUNA DR-B
NGAR NAGARJUNA GRA-Z
NHRE NAHAR EXP-B1
NHIE NAHAR INDUST-B1
NAHR NAHAR INTER-B1
NHRS NAHAR SPG.-B1
NSUG NAHAR SUGAR -B
NAKO NAKODA TEXT.-B
NRAG NARMADA AGRO-Z
NTPR NAT PEROXIDE-B1
NAPL NAT PLASTIC-B
NAPI NAT PLYWOOD-B
NTST NAT STEEL & A-B1
NTHP NATH PULP-B
NATH NATH SEEDS-B1
NATR NATRAJ PROT-B
NACP NATURAL CAPS-B
NASE NATURAL STON-Z
NFER NAVA BH FERRO-B1
NAVN NAVNEET PUB.-B1
NBFW NB FOOT WEAR-Z
NCCB NCC BLUE WAT-Z
NCJF NCJ FINANCIAL-B
NCLM NCL MARBLES-Z
NDAS NDA SECURITI-B
NEEL NEELKANT MOT-Z
NELC NELCO-B1
NEIN NEO INTEX MIL-Z
NEOS NEO SACK-B
NETV NETVISTA-B
NETF NETWORTH FIN-B
NEUL NEULAND LAB-B1
NGLF NGL FINE CHM-B
NICC NICCO CORP-B
NIFS NICCO FINAN-B
NPR NICCO PARKS-B
NIJJ NIJJER AGRO-B
NKHL NIKHIL ADHESV-B
NHI NILA HOUSING-Z
NILE NILE-B
NLKP NILKAMAL PLS-B1
NIRL NIRLON-B
NIYI NIYATI INDUST-B
NOBL NOBLE EXPLO.-B
NOVA NOVA ELECTRO-Z
NOGR NOVA GRANITES-Z
NOPE NOVA PETROCH-B1
NOIN NOVARTIS-A
NOVO NOVOPAN-B1
NTRY NRC LTD-B1
NUCH NUCHEM LTD.-B
NSEL NUCLEUS SOFT-B1
NUME NUMECH EMB.-Z
OCAI OCEAN AGRO-Z
OSCM OCL INDIA-B1
ODTH ODYSSEY TECH-B1
ODYS ODYSSEY VID-Z
OCTL OIL COUNTRY-B1
OMEG OMEGA INTER-B
OMNI OMNI AX SOFT-B
ONID ONIDA FIN-Z
ONSV ONIDA SAVAK-B
OTEC ONWARD TECH-B1
ORBE ORBIT EXPORT-Z
ORGI ORG INFORM-B
ORSY ORIEN SYNTEX-Z
ORNT ORIENT ABRAS-B1
OCER ORIENT CERAM-B
ORCN ORIENT CONT.-B1
ORHT ORIENT HOTEL-B1
OITL ORIENT INFORM-B1
ORPP ORIENT PAPER-B1
ORPR ORIENT PRESS -B
ORIV ORIENT VEGTX-Z
ORCR ORIENT.CARB.-B
ORBC ORIENTAL BANK-A
OHDF ORIENTAL HSG-Z
ORIR ORIENTAL REM-Z
ORIE ORIND EXPORT-Z
OSEX ORISSA EXTR.-Z
OSIN ORISSA IND-Z
OSSP ORISSA SPONG-B
OSCA OSCAR INVEST-B
OWAG OSWAL AGRO.-B
OSCH OSWAL CHEM-B1
OWSP OSWAL SPG P-Z
OSWY OSWAL YARNS-Z
OUDH OUDH SUGAR-B
OSFL OVERSEAS SANM-Z
OXIS OXIDES & SPEC-B
PACI PACIFIC INDU-B
PADA PADAM IND-Z
PDMN PADMINI TECH-B
PCC PAL CREDIT-B
PALP PAL PEUGEOT-Z
PAGL PAN ASIA GLOB-Z
PNAI PAN ASIA IND-Z
PANA PAN AUTO-Z
PAEI PAN ELECTR-Z
PNCA PANACEA BIOTC-B1
PAPT PANAMA PETRO-B
PANS PANCH STEEL -B
PANK PANKAJ AGRO-Z
PNTL PANTALOON TXT-B
PAIN PANTHER IND-Z
PNYM PANYAM CEMEN-Z
PPPR PAPER PROD-B1
PTEC PARAKARAM TEC-Z
PMNT PARAMOUNT COS-Z
PCML PARAMOUNTCOM-B
PARP PARAS PETRO-B
PRSI PARASRAM IND-Z
PRSS PARASRAM SYN-Z
PRKP PAREKH PLAT-B1
PARK PARKE DAVIS-A
PAAE PARKER AGRO-B
PARI PARSHARTI INV-Z
PARS PARSOLI CAP-B
PASI PASUMAI IRR-Z
PASF PASUPATI FIN-B
PASU PASUPATI SPG-B
PAAI PATEL AIRTE-B
PENG PATEL ENGG-B1
POBC PATEL ONBOARD-B
PATL PATEL ROAD-B
PATN PATNI ENGG-Z
PAUS PAUSHAK-B
PCOK PEACOCK IND -B
PEAS PEARL ENERGY-B
PEPL PEARL ENG POL -B
PRLG PEARL GLOBAL-B
PRLP PEARL POLY-B
PCCO PEE CEE COSM-B
PNAL PENNAR ALUM-B1
PNPA PENNAR PATER-Z
PENN PENNAR STEEL-B
PSTC PENTA SOLEC-Z
PNTG PENTAGON GLBL-B
PNTM PENTAMEDIA G-B1
PNTS PENTASOFT T-B1
PNTK PENTOKEY ORG-Z
PERF PERF CIRC IND-Z
PRMG PERM MAGNETS-B
PEEC PETRON ENGIN-B
PGFL PG FOILS-B
PHLB PHAR E.LABS-Z
PHCO PHARMA COM-Z
PPHM PHARMAIDS PH-B
PHRM PHARMASIA-Z
PHAC PHARMED CHEM-Z
PHOT PHIL CORPN-B
PHIL PHIL. CARBON-B1
PHLP PHILIPS INDIA-B1
PHOE PHOENIX MILLS-B
PHYT PHYTO CHEM-B
PICC PICCAD SUG ALL-B
PILE PION INVEST-B
PIAU PIONEER AUTO-Z
PIOE PIONEER EMB-B1
PIOF PIONEER OVER-Z
PITS PITHAMPUR STL-Z
PITL PITTI LAMIN-Z
PTIE PITTIE CEM.-Z
PITF PITTIE FIN-Z
PIXA PIX AUTOS-Z
PIXT PIX TRANS-B
PLST PLASTIBLEND-B1
PNBG PNB GILTS-B1
PNBR PNB MF.RIPS-Z
PODR PODDAR PIGMEN-B
POLI POLAR IND.-B
POLM POLAR MARMO-Z
POLP POLAR PHAR-B
POLS POLARIS SOFT-A
POLY POLYCHEM-B
POLT POLYGE TECH-Z
PLYP POLYPLEX-B1
PSAL PORRITTS SPEN-B1
PRDE PRADEEP DRUG-Z
PMET PRADEEP METL-B
PRAG PRAG BOSIMI-B
PRAC PRAKASH CER-Z
PRKI PRAKASH IND.-Z
PRKL PRAKASH LEAS-Z
PSUG PRATAPPUR SUG-B
PKPL PRATIK PANELS-B
PRDI PRECIMET DIA-B
PREL PRECISION EL-B
PRCS PRECISION FA-B
PRWR PRECISON WR-B1
PREC PRECOT MILL-Z
PCMI PREM CAP MAR-B
PSFS PREM SOM FIN-Z
PAL PREMIER AUTO-B1
PRMR PREMIER EXPL-B
PRHO PREMIER HOUS-Z
PRPF PREMIER POLY-Z
PRPR PREMIER PROT-Z
PRTB PREMIER TUBE-Z
PRTY PREMIER TYRE-B
PRVI PREMIER VINY-Z
PRSH PRES HM POLY-Z
PSHO PRESIDE SHOE-Z
PRSE PRESSURE SYS-B
PRSF PRESTIGE FOO-Z
PRAP PRIMA AGRO-Z
PRIP PRIMA PLASTIC-B
PRIM PRIME PETRO-Z
PRME PRIME SECURIT-B
PRSL PRIME SOLVENT-Z
PRTE PRIME TEXT-B
PPCH PRINCIPAL PHA-B
PRIS PRISM CEMENT-B1
PNCL PRITISH NANDY-B1
PRYC PRIYA CEMENT-B1
PRYS PRIYA.SPG-B
PROC PROCTER&GAMB-A
PRTC PROTCHEM IND-B
PRTH PROTECH ELEC-Z
PROI PROTO INFO-Z
PRMS PRUDENTIAL SU-B
PSID PSI DATA SY-B1
PUDA PUDUMJEE AGRO-B
PUDM PUDUMJEE-B1
PUNR PUNEET RESIN-B
PTRA PUNJ TRACTOR-A
PUNW PUNJ WIRELESS-B1
PNJA PUNJ. ALKALI-B1
PPOW PUNJ.POWER-Z
PCHM PUNJAB CHEM.-B1
PCOM PUNJAB COMM -B1
PFBR PUNJAB FIBRE-Z
PUML PUNJAB MOH-B1
PWOL PUNJAB WOOL-B
PVDP PVD PLAST MO-B
QUIN QUINTEGRA SOL-B1
RSFR RAASHI FERT-Z
RADY RADHIKA POLY-Z
RADH RADHIKA SPG-B
RADS RADHIKA SYN-Z
RAKF RADICO KH FIN-B
RAGH RAGHUNATH IN-B
RNCL RAIN CALCININ-B1
RNBR RAINBOW BREW-Z
RNBP RAINBOW PAPR-B
RAIS RAISAHEB SPG-B
RBB RAJ BALL&BE-Z
RJPI RAJ PACKAGING-B
RJPT RAJAS PETRO-Z
RJBR RAJAS. BREW.-Z
RJMC RAJEN. MECH.-Z
RMSC RAJEND MINING-Z
REXP RAJESH EXPO-B
RAJM RAJESH MALLE-Z
RJSW RAJESWARI GR-B
RJKS RAJKAMAL SYN-Z
RJFR RAJKUMAR FRG-Z
RAJO RAJOO ENG-B
RAJS RAJRATAN SYN-Z
RJSG RAJSH.SUGAR-B1
RAJF RAJSHRI FOREX-Z
RALL RALLIS INDIA-B1
RINF RAM INFORMAT-B
RAKI RAM KAASHYAP-Z
RAML RAM LEATHER-Z
RMPP RAM PAPER-Z
RAMR RAM RAT WIRE-B
RNAP RAMA NEWSPRIN-B1
RMPT RAMA PETRO-B
RMPH RAMA PHOSPH-B
RMPL RAMA PULP-B
RMVS RAMA VISION-B
RAMC RAMCO INDUST-B1
RMCS RAMCO SYSTEM-A
RANA RANA MOH PAP-Z
RNSG RANA SUGARS-B1
RANE RANE MADRAS-B1
RPCC RAPICUT CARB-B
RRAH RAS RESORTS-B
REIL RASANDIK ENG-B
RSTC RASHTRIYA CH-A
RASO RASOI LTD.-B
RTAL RATHI ALLOYS-Z
RGTL RATHI GRAPH-B
RATH RATHI INDUST-Z
RTHI RATHI ISPAT-B
RTHU RATHI UDYOG-B
RATD RATNA DRUGS-Z
RMT RATNAMANI MET-B
RAUN RAUNAQ AUTO-B
RAUF RAUNAQ FIN-Z
RVLG RAVALGAON-B
RDBI RDB INDUST-B
RLVA REAL VAL.APP-Z
REBI REGAUL BLUE-Z
RGNT REGENT CHEM-Z
RLXO RELAXO FOOT-B1
RLCP RELIANCE CAP-A
RLEN RELIANCE ENER-A
REII RELIANCE INF-B1
RELI RELIANCE-A
REPH RELISH PHAR-B
REMI REMI METL GUJ-B
REST RESTILE CER.-B
REVA REVATHI EQP-B1
RICA RICHIRICH AG-Z
RICO RICOH INDIA-B
RSGB RIDDHI SI GB-B
RSHY RISHAB YARN-Z
RSHI RISHABH IND.-Z
ROF RISHI OIL&FAT-Z
RSHP RISHI PACKER-B
RISH RISHIROOP-B
RTLI RITESH INDUS-B
RITI RITESH INTER-B
ROCH ROCHEES BREW-B
RCPT ROCK H.PETRO-B
ROCL ROCKLAND LEAS-Z
RCWL ROCKWOOL-B
ROHI ROHIT PULP-B
RLTN ROLLATAINER-Z
ROSZ ROSE ZINC-Z
ROSE ROSELABS-B
ROSR ROSETTE RESO-Z
ROTO ROTOFLEX IND-Z
ROYA ROYA AIR-B
RCVL ROYAL C VINYL-B
RMHI ROYALE MANOR-B
RPG RPG CABLES-B1
RPGL RPG LIFE SC-B1
RPGT RPG TRANS-B1
RSSI RS SOFTWARE-B1
RUBF RUBFILA INTER-B
RUBY RUBY MILLS-B
RCSY RUCHI SOYA-B1
RCST RUCHI STRIPS-B
SBRO SABEROORGANI-B1
SADH SADHANA NITR-B
SAPP SAGAR APPAR-Z
SGRC SAGAR CEM.-B
SASI SAGAR SILK-Z
SGRS SAGAR SOYA-Z
SAHA SAHA KEIL-Z
SAGR SAHAS AGRO-Z
SAIN SAI INFO-B
SAI SAI SERVICE-B
SKFN SAKTHI FIN P-B
SKSG SAKTHI SUGAR-B1
SALI SALORA INTER-B1
SLZC SALZER CONT-Z
SALZ SALZER ELEC-B
SLZT SALZER TEXTI-Z
SAMP SAMKRG PIST-B1
SAMN SAMPRE NUTRI-B
SAAE SAMRAT ASHOK-Z
SMTL SAMTEL COL-B1
SEDL SAMTEL ELECT-B1
SAME SAMTEL-B
SNDP SAND PLAST-Z
SAPH SANDU PHARMA-B
SNDV SANDVIK ASIA-B1
SNGA SANGAM ALUM-Z
SANG SANGAM INDIA-B1
SACS SANGHI CORP-Z
SNGI SANGHI INDU-B
SNGP SANGHI POLY-Z
SAAC SANGHVI ASBE-Z
SNGM SANGHVI MOVER-B
SNGS SANGHVI STEL-Z
SAAI SANJIVANI AGR-Z
SANE SANTOGEN EXP-Z
SNWR SANWARIA AGRO-B1
SHRD SARDA INFORM-B
SRDP SARDA PLY.-B
SARE SAREIND-B1
SARL SARLA POLY-B
SARU SARUP TENNER-B
SATE SATELITE ENG-B
SATN SATNAM OVERS-B1
SAUR SAUR.CEM-B1
SPBM SAURAS PAPER-Z
SAVE SAVERA ENT-B
SAYH SAYAJI HOTEL-B
SBIH SBI HOME FIN-B1
SMEX SBI MAG EXP91-Z
SM3P SBI MAG TPLUS-Z
SBMP SBI MAGMU P93-Z
SBIM SBI MAGNUM90-Z
SMTX SBI MAGTP94-Z
SBMG SBI MGN RIS-Z
SBI SBI NEW-A
SCCI SCANA COLOUR-Z
SCAG SCANPOINT GR-B
SCHE SCHLAF ENG-Z
SCIN SCINDIA-Z
SCNT SCINTILLA SFW-B
SCOO SCOOTERS-Z
SEFR SEASONS FUR-B
SCUR SECUR INDUST-Z
SELA SELAN EXPLOR-B1
SERL SEQUEL E-ROUT-B
SESA SESA GOA LTD-B1
SSHA SESHA. PAPER-B1
SHBC SHABA CHEM-Z
SHAA SHAH ALLOYS-B1
SHKT SHAKTI PRESS-B
SHAL SHALIBHADRA F-B
SHLP SHALIMAR PNT-B1
SHMK SHAMKEN MULT-B1
SHSP SHAMKEN SPIN-B1
SHNT SHANTI GEAR-B1
SHSF SHARAT INDUST-Z
SHDR SHARDA DRUG-Z
SHRP SHARP IND.-B
SHYR SHARYAN RES-B
SHAS SHASUN CHEM-B1
SHWW SHAW WALL EL-Z
SHWG SHAW WALL GEL-B
SHEI SHEEL INTER-Z
SHED SHEETAL DIAM-Z
SHER SHERVANI IND-B
SHIL SHILPAX LAB-Z
SHMB SHIMBHA.SUG.-B1
SHMG SHIMOGA TECH-B
SHVD SHIV VANI UNI-B1
SHVB SHIV.BIMET P-B
SHVS SHIV.SUIT-Z
SHIV SHIVA CEMENT-B
SHIF SHIVA FERTIL-B
SHVP SHIVA PAPER-Z
SHII SHIVAGRICO-Z
SHLM SHIVALIK LOHA-Z
SHON SHONKH TECH-Z
SHAC SHREE ACID C-B
SHAF SHREE ARAVELI-Z
SHCM SHREE CEMENT-B1
SMFG SHREE MANUFAC-Z
SRPM SHREE RAJESH-B
SHRM SHREE RAMA M-B1
SSAO SHREE SHAKTI-Z
SHSY SHREE SYNTH.-B
SHLB SHREEJI A LAB-B
SHRE SHRENUJ & CO-B1
SHRY SHREYANS IND-B
SRSH SHREYAS SHIPP -B
SHBA SHRI BAJRANJ-Z
SHIS SHRI ISHAR P-Z
SRIN SHRI NICOSEC-Z
SLPG SHRI SHAKTI-B
SHVO SHRI VARDHMA-Z
SHDI SHRI.DINESH-B
SRTR SHRIRAM TRAN-B1
SHRS SHRISHMA-Z
SHDT SHUKLA DATA-Z
SHDE SHUKRA DIAM-Z
SHMT SHYAM TELECOM-B1
SIAP SIBAR AUTO-B
SIBM SIBAR MEDIA-B
SIBA SIBAR SFW-B
SIDT SIDDHARTA TB-Z
SIDG SIDDHESW GAR-B
SIEL SIEL-B1
SILC SILCAL METAL-B
SVIL SILICON VALL-B
SLKT SILKTEX-B
SLVR SILVERLINE I-B1
SIMC SIMPLEX CAST-B
SMCP SIMPLEX PILES-B1
SMPL SIMPLEX TRAD-Z
SIMP SIMPLEX-Z
SIMF SIMRAN FARMS-B
SNGR SINGER INDIA-B
SAS SINGH ALLOYS-Z
SNGH SINGHAL SWRP-Z
SNTX SINTEX INDU-B1
SIPR SIP RESINS-B
SIRO SIRO PLAST-Z
SITE SITA ENTERPR-B
SIYR SIYARAM SILK-B1
SKCE SKANSKA CEME-B1
SKFB SKF INDIA-A
SHKS SKS LTD-Z
SKMO SKUMAR ONL-B
SKYI SKY INDUST-B
SKYT SKYLID TELE-B
SKLI SKYLINE LEATH-Z
SKYL SKYLINE NEPC-B
SMDY SM DYECHEM.-B
SMZS SMZS CHEM-B
SNOW SNOWCEM IND-B
SFPR SOFTPRO SYS-B
SOTE SOFTRAK TECH-B
SFSL SOFTSOL LTD-B1
SFTS SOFTWARE SOL-B1
SOCT SOLID CARBIDE-Z
SLDG SOLID GRANIT-Z
SLDA SOLIDAIRE-Z
SOMT SOLITAIRE MAC-B
SDFC SOM DATT FIN-B
SDB SOM DISTILL-B
SOMA SOMA TEXTILE-B
SOCC SOMANI CEM-Z
SOIS SOMANI IRON-Z
SOSI SOMANI SWISS-Z
SONA SONA KOYA ST-B1
SNLA SONAL ADHESI-Z
SOFT SONATA SOFT-B1
STEX SONIA TEXTILE-B
SDCI SOUND CRAFT-B
SASP SOUTH AS PETR-B
SHRB SOUTH HERBALS-B
SICA SOUTH INDIA-B1
SOPS SOUTH POLE S-Z
SFUL SOUTHERN FUEL-Z
SISC SOUTHERN IRO-B
SPTK SPARTEK-Z
SPEL SPEL SEMICOND-B1
SPTI SPENTEX INDS -B
SPOR SPIC ORGANICS-Z
SPIC SPIC-B1
SPIA SPICE ISLAND-B
SPLI SPL TECHNO-Z
SPSI SPS INTERNAT-B
SQLS SQL STAR-B1
SREI SREI INTL-B1
SRGI SRG INFOTEC-B1
SBTV SRI ADHIKARI-B1
SRIC SRI CHAKRA CE-Z
SRDC SRI DIGV CEM-B1
SGMC SRI GANAPATHY-B
SJSM SRI JAYALAKS-Z
SKPM SRI KRISHNA P-B
SSST SRI SARBATI-Z
SRSC SRI SIMH CEM-Z
SRHT SRINIVASA HA-B
SRMT SRIVEN MULTI-Z
STDI STANDARD IND-B1
STPM STAR PAPER M-B1
SPEI STAR PREC EL-Z
STAI STARCHEM INDU-Z
STAS STARCHIK SP-B
STEC STARLITE COM-B
STCI STATE TRADING-B1
SAIL STEEL AUTHOR-A
STSS STEEL STRIPS-Z
STLT STEEL TUBES-B
STEL STEELAGE.-Z
STGJ STEELCO GJ -B
STTU STEL.STR.&TU-Z
STED STELLAR DRUG-Z
STBO STERL BASIC-Z
STGF STERL GURANTE-Z
STRF STERL HOL FN-Z
STRT STERL.HOL.RS-B
STBI STERLING BIO-A
STTL STERLING TOOL-B1
STRL STERLITE (I)-A
STGI STI GRANITE-Z
STIB STI INDIA-B
SNIN STOCK NET IN-B
STON STONE INDIA-B
STOV STOVAC IND.-B
STUP STURDY POLYM-Z
SUAD SUASHISH DIA-B1
SUBX SUBEX SYSTEMS-B1
SBEX SUBHALAXMI EX-Z
SUBH SUBHASH PROJ-B
SUSM SUBHASH SILK-Z
SDAL SUDAL INDUST-Z
SDCM SUDARSH.CEM-Z
SDCH SUDARSHAN CH-Z
SUDI SUDITI IND-Z
SUDF SUGAL DAMANI-B
SJIN SUJANA INDUS-Z
SULZ SULZER IND -B1
SSYN SUMEET SYN-B
SUME SUMEX CHEM-Z
SUNI SUN INFOWAYS-B
SUND SUND.CLAYTON-B1
SAQF SUNDERBAN AQ-Z
SNFS SUNDRAM FAST-B1
SFLG SUNFLAG IRON-B1
SUNR SUNRAJ DIAM.-B
SULB SUNSTAR LUB-Z
SSSL SUNSTAR SOFT-Z
SURS SUPER SALES-B
SSPM SUPER SPINING-B1
SSIL SUPER SYNCOT-B
SLEA SUPERHOUSE LE-B
SUPR SUPERSTAR DIS-Z
SUPL SUPRAPTI PLAS-Z
SUPC SUPREME CON-Z
SUPI SUPREME IND-B1
SUPO SUPREME ORIE-B
SPTL SUPREME PRTCH-B1
SUPH SUPRIYA PHAR-Z
SRJD SURAJ DI & JW-B1
SRJV SURAJ VANAS-Z
SURT SURANA TELE-B1
SURA SURAT ELEC-B1
SYAG SURYA AGROIL-B
SYMR SURYA MORPHY-Z
SUSF SURYACH SEAF-Z
SYJY SURYAJYOTI S-B
SYLT SURYALATA SP-B
SYSM SURYAVA SPIN-B
SLCM SURYLAK COTT-B1
SFDI SURYO FOODS-Z
SUTL SUTLEJ INDUS-B1
SUAQ SUVAR AQUA F-Z
SUVP SUVEN LIFE-B1
SVE SV ELECTRIC-Z
SVAS SVAM SOFTWAR-B
SVCS SVC SUPERCHEM-B
SWAN SWAN MILLS-Z
SWRJ SWARAJ.MAZDA-B1
SWVN SWAS VIN SYN-B
SWAF SWASTIKA FIN-B
SWIL SWIL LTD.-B
SYMC SYMPHONY COM-B
SYFI SYNCOM FORM-B1
SYFE SYNERGY FIN-Z
SYLI SYNERGY LOG-B1
SYCS SYSTEMATIX C-B
TCTI TAI CHONBANG-B
TAIN TAINWALA  CH-B
TALB TALBROS AUTO-B
TANE TANEJA AEROSP-B
TASC TASC INDUSTR-B1
TABE TASTY BITE-B
TTAM TATA ADVANCE-B
TTCH TATA CHEM-A
TACO TATA COFFEE-B1
TTDA TATA CONSTR-Z
TTEX TATA ELXSI-A
TTFI TATA FINANCE-B1
TTHO TATA HONEYWL-B1
TTHY TATA HYDRO-Z
TTIN TATA INFOTECH-A
TMET TATA METALIKS-B1
TAMO TATA MOTORS-A
TTPW TATA POWER-A
TTSP TATA SPONGE-B1
TSSL TATA SSL-B1
TISC TATA STEEL-A
TTTE TATA TEA-A
TTTL TATA TELCOM-B1
TTYO TAYO ROLLS-B1
TCIF TCI FINANCE-B
TCI TCI INDUS-B
TECF TECHNO FORGE-Z
TCTP TECHTRN.POLY-Z
TEEM TEEM. LABS.-B
TDIL TELE DATA IN-B1
TELE TELESYS SFW-Z
TVET TELEVISION ET-B1
TEXM TEXMACO-B1
THAD THAKKARS DEV-Z
TMSM THAMBI M SPIN-B
THEM THEMIS MEDI-B1
THOM THOMAS COOK-B1
TGFL TIMES G FIN-B
TIMK TIMKEN INDIA-B1
TINP TINPLATE-B1
TIPS TIPS-B1
TITA TITAGARH STL -B
TTNF TITAN FOODS-Z
TITN TITAN INDUST-A
TSEC TITAN SECUR-B
TTNC TITANOR COMP-B1
TJAY TN JAYBHAR M-Z
TWPL TODAYS WRIT-B1
TPLI TOKYO PLAST-B
TONP TONIRA PHARM-Z
TORG TORR GJ BOI -B1
TORC TORRENT CAB -B1
TORP TORRENT PHARMA-A
TOUI TOUBRO INFO-B
TFCI TOURISM FIN-B1
TOYE TOYAMA ELECT-B
TRAG TRANS AGROTEC-Z
TFRL TRANS FINANC-B
TFCL TRANS FREIGHT-Z
TMED TRANS MEDI-Z
TTFD TRANS TECHNO-Z
TRAN TRANSCHEM-B
TRBL TRANSGENE B-Z
TRAL TRANSIN LAMP-Z
TRSM TRANSLAM-Z
TSPK TRANSPEK-B1
TCIL TRANSPORT CO-B1
TPEL TRANSPOW ENG-Z
TRAT TRANSTREAM I-B
TRSW TRANSWORLD-B
TRCF TRC FIN SERV-B
TRND TREND DESIGNS-Z
TREN TRENT-B1
TRIG TRIGYN TECH-B1
TRSY TRIMURTI SYN-Z
TRIT TRITON CORP-B
TRVG TRIVENI GLAS-B
TREI TRIVENI IND-B
TTK TTK BIOMED-Z
TTKH TTK HEALTH C-B1
TTKL TTK PRESTIGE -B1
TUBE TUBE INV-B1
TSHL TULIP STAR-B
TULS TULSIPUR SUG-Z
TNEC TULSYAN NEC-B
TUTI TUTICORIN.-B
TVSM TVS MOTOR-A
TVSC TVS SRICHAKRA-B1
TSSF TWIN STAR SO-Z
TYTE TYROON TEA-Z
UBE UB ENGINEER-B
UCAF UCAL FUEL-B1
UCAP UCAL POWER-Z
UHR UG HOTELS-Z
ULTR ULTRAMARINE-B1
UNAX UNI ABEX-B
UNLB UNICHEM LAB-B1
UNOR UNICORN ORG-Z
UNAI UNIFIED AGRO-Z
UNCB UNIFLEX CABLE-B1
UNIM UNIMIN INDIA-B
UNIO UNIMODE OVER-Z
UPLS UNIPLAS P -Z
UNPN UNIPON-Z
UNCM UNIPORT COMP-B
UNIP UNIPRODUCT P-B
UMEL UNIROYAL MAR-Z
UNTE UNITECH  P -B1
UCRE UNITED CREDIT-B
UNDR UNITED DRILL-Z
UNTL UNITED LEASIN-Z
UNTA UNITY AGRO-Z
UNVR UNIV CABLE-B1
UNVC UNIV CANS-B
UNVL UNIV. LUGG-B
UGSI UPPER G SUGAR-B1
UPIF UPSURGE INVE-B
USRC USHA INDIA-Z
USIS USHA ISPAT-B
USMI USHA MAR INFO-B1
USBL USHA MARTIN-B1
USTF USHDEV TRADE-Z
UTTM UTTAM GAL ST-B1
VADI VADILAL DAIR-Z
VADE VADILAL ENT-B
VDLI VADILAL IND-B
VGEM VAIBHAV GEMS-B
VBRL VAJRA BEARIN-B
VAKR VAKRANGEE-B1
VALC VALIANT COMM-B1
VAPI VALLABH POLY-Z
VALS VALSON SYNTH-B
VTEX VANA TEXTILE-B
VNVL VANAVIL DYES-B1
VIFL VANS INFORMA-B
VFSL VANTAGE FIN S-B
VRDL VARDHAMAN LAB-Z
VRDM VARDHMAN SPG-B1
VWP VARDHMAN WIRE-Z
VARC VARUN CEMENT-Z
VRNP VARUN POLY P-Z
VARS VARUN SEACON-Z
VRNS VARUN SHIP.-B1
VRNA VARUNA AGRO-Z
VBDE VB DESAI-B
VBFR VBC  FERRO-B
VCMS VCK CAPITAL-B
VLNH VELAN HOTELS-Z
VENK VENKYS(IND)-B1
VNLN VENLON POLY.-B
VESG VENUS SUGAR-B
VLAB VERONICA LAB-B1
VESU VESUVIUS -B1
VCKR VICKERS SYS.-B
VMIL VICTORIA MILL-Z
VICP VICTORY PROJ-Z
VDCA VIDEOCON APL-B1
VDCF VIDEOCON FIN -B1
VDCI VIDEOCON INT-A
VDVC VIDEOCON VCR-B1
VSNL VIDESH SANCH-A
VIDI VIDHI INDUST-Z
VJYF VIJAY FIRE-B
VGFS VIJAY GROWTH-B
VJBK VIJAYA BANK-A
VCHM VIJAYASHRE CH-Z
VCF VIJAYSH CAPIT-Z
VKRM VIKRAM PROJ.-Z
VKRN VIKRANT.TYRE-B1
VIML VIMTA LAB-B
VNTI VINATI ORG.-B
VNDY VINDHY TELE.-B1
VCDS VINTAGE CARD-B
VFIL VINTAGE FOOD-Z
VITR VINTRON INFO-B
VNYL VINYL CHEM.-B1
VIPI VIP INDUS.-B1
VPSL VIPPY SOLVEX-Z
VPPY VIPPY SPINPRO-B
VIDC VIPUL DYE CH-B
VIRA VIRAL FILAM.-Z
VRLS VIRAL SYNTEX-B
VCIL VIRAT CRANE-Z
VIRI VIRAT INDUST-Z
VSKI VISAKA IND-B1
VAFL VISAKHA AQUA-Z
VSLC VISHAL  LACTO-Z
VCHR VISHAL CHAIR-Z
VISF VISHAL FOOTW-Z
VAIL VISHNUPRIYA A-Z
VISH VISHVA ELEC-Z
VISS VISHWAS STEEL-B
VIOR VISION ORGAN-B
VIST VISION TECHNO-Z
VCOM VITAL COMM-B
VITL VITAL FOODS-Z
VIVC VIVID CHEM-B
VJIL VJIL CONSULT-B
VLSF VLS FINANCE -B
VOGT VOGUE TEXTILE-B
VOLT VOLTAS-B1
VSTI VST INDUS-B1
VST VST TILLERS T-B1
VLCE VULCAN ENG.-B
VXL VXL INSTRUM-B1
VYBR VYBRA AUTO P-Z
VYSP VYSALI PHARM-Z
WACC WALCHAND CAP-B
WALC WALCHANDNGR-B1
WLSF WALL ST.FIN.-B
WFFS WALLFORT FIN-B
WRRN WARREN TEA-B1
WTRB WATERBASE-Z
WBLC WEBEL COMM.-Z
WESL WEBEL-SL ENY-B
WEIZ WEIZMANN IND-B
WDP WELCURE DRUG-B
WELL WELLMAN INC.-Z
WGSR WELSPUN GUJ-A
WLSP WELSPUN INDIA-B1
WLSY WELSPUN SYNT-B
WNDT WENDT(I)-B1
WSTC WEST COAST-B1
WFVG WEST FRUIT-Z
WSTI WEST I SEC-B
WSTE WEST.ELECTR.-Z
WSTP WEST.PAQUES-Z
WFDS WESTERN FOOD-Z
WHIR WHIRLPOOL-B1
WHDI WHITE DIAMOND-B
WHCI WHITE HOU COT-Z
WILL WILLARD IND-B
WIMC WIMCO-B1
WINB WINSOME BREW-B
WINY WINSOME YARNS-B
WIRE WIRES FABRIC-B
WODS WORLD DIGITAL-Z
WOLE WORLD LEATHER-B
WRLD WORLDLINK-Z
XOIN XO INFOTECH-B
YSYN YARN SYNDICAT-B
YMFS YASH MANAGE-B
YASP YASH PAPERS-B
YOGI YOGI PHARM-Z
YSW YOGI SUNG WON-B
YOKO YOKOGAWA INDI-B
YUKE YUKEN INDIA-B
ZNDU ZANDU PHARM-B1
ZENC ZENITH COMP-B1
ZENF ZENITH FIBRE-B
ZEHC ZENITH HEALT-B
ZNTH ZENITH-B
ZENT ZENSAR TECH-B1
ZICO ZICOM ELECTR-B1
ZODC ZODIAC JRD-B
ZURI ZUARI INDU-B1
