AABP	ABN AMRO HOLDING
AAF	ALAIN AFFLELOU
AAIG	AIG-AMERIC.INT.GRP
ABCA	ABC ARBITRAGE
ABX	BARRICK GOLD
AC	ACCOR
ACA	CREDIT AGRICOLE
ACABS	ACANTHE DEV.BS02
ACAN	ACANTHE DEV.
ACBS2	ACANTHEDEVBSAOCT09
ACI	ACCES INDUSTRIE
ACIBS	ACCESBSA0707
ADA	ADA
ADE	ADECCO
ADI	AUDIKA
ADP	ADP
AESCH	AES CHEMUNEX
AF	AIR FRANCE -KLM
AFO	AFONE
AGCR	AGRICOLE CRAU
AGF	AGF-ASS.GEN.FRANCE
AGTA	AGTA RECORD
AI	AIR LIQUIDE
AIR	AIROX
AKA	AKKA TECHNOLOGIES
AKE	ARKEMA
ALB	BOLLORE INVEST.
ALC	ALCAN
ALD	ALTADIS(EX-TABAC.)
ALDV	ADC SIIC
ALL	ALLIANZ SE
ALM	ALPHA MOS
ALO	ALSTOM
ALP	ADL PARTNER
ALT	ALTRAN TECHN.
ALTA	ALTAREA
AM	DASSAULT AVIATION
AMA	CAMAIEU
AMB	AMBOISE ABSA
AMEXP	AMERICAN EXPRESS
AML	ATMEL CORP.
AN	CANAL +
ANF	ANF
APEM	APEM
APR	APRIL GROUP
ARB	ARBEL
ARE	GROUPE ARES
ARK	ARKOPHARMA
ARR	APRR
ARTO	ARTOIS NOM.
ASBBS	ASSYSTEMBSAR2012
ASF	ASF
ASP	A.S.T. GROUPE
ASSBR	ASSYSTEM BSAR 0713
ASY	ASSYSTEM
ATE	ALTEN
ATI	ACTIELEC TECHNO.
ATIBS	ACTIELECBSA1107
ATO	ATOS ORIGIN
AUB	AUBAY
AUGR	AUGROS COSMETICS
AULU	APS-AUTOLUBRIFIC.
AURE	AUREA
AURS	AURES TECHNOLOGIES
AVF	AVENIR FINANCE
AVIV	AVIVA P.L.C.
AVM	WAVECOM
AVQ	AVANQUEST SOFTWARE
AVT	AVENIR TELECOM
BAIN	BAINS MER MONACO
BB	BIC
BCAM	BRASSERIE CAMEROUN
BCMA	ATTIJARIWAFA BANK
BCRA	BACCARAT
BDAL	BRICODEAL
BELI	BELIER
BEN	BENETEAU
BERR	FIN.ETANG BERRE
BH	BONGRAIN
BI	GASCOGNE
BIG	BIGBEN INTERACTIVE
BILL	BILLON
BIM	BIOMERIEUX
BIO	BIOALLIANCE PHARMA
BLC	BASTIDE LE CONFORT
BLOI	BERNARD LOISEAU
BN	DANONE
BNA	BCI NAVIGATION
BND	BUSINESS ET DECIS.
BNP	BNP PARIBAS
BNS	BUSINESS INTERACT.
BOAF	BRAS.OUEST AFRIC.
BOB	BUSINESS OBJECTS
BOI	BOIRON
BON	BONDUELLE
BORG	DISTRIBORG GROUPE
BOZ	BOIZEL CHANOINE
BPES	BANCO POP.ESPANOL
BPLC	BP P.L.C.
BQRE	BQUE DE LA REUNION
BRGS	BOURGEOIS
BRICO	BRICORAMA
BRS	BOURSORAMA
BRTBS	ASSYSTEMBSAR2007
BSD	BOURSE DIRECT
BSDBS	BOURSDIRBSA0406
BSHO	SIIC PARIS8EME NOM
BST	BAC MAJESTIC
BTPC	B.T.P.(LA CIE)
BUF	BUFFALO GRILL
BUI	BARBARA BUI
BULL	BULL REGPT
BUR	BURELLE
BVD	BELVEDERE
BVDBR	BELVEDEREBSAR2014
BVDBS	BELVEDBSAR1211
CA	CARREFOUR
CAF	CRCAM PARIS ET IDF
CAFO	CAFOM
CAL	INTERCALL REDUCT.
CAMT	TOUL.MIDI-TOUL.CCI
CAP	CAP GEMINI
CAPLI	CAPELLI
CAR	CARRERE GROUP
CARP	CARPINIENNE PART.
CAS	CAST
CATR	CATERPILLAR INC
CBD	CYBERDECK
CBDG	CAMBODGE NOM.
CBE	ROBERTET CI
CBR	ROBERTET CDV 87
CC	CIC CAT.A
CCA	CLIENT CENTER ALL.
CCN	CRCAM NORM.SEINE
CDA	ALPES (COMPAGNIE)
CDANV	CIE ALPES NOUV.06
CDI	CHRISTIAN DIOR
CEF	XRT
CEI	AREVA CI
CEN	GROUPE CRIT
CER	CEREP
CES	ACCESS COMMERCE
CFCL	CFCAL BANQUE
CFDR	COFIDUR
CFF	CFF RECYCLING
CFTM	COFITEM
CGD	CEGID S.A.
CGDBS	CEGIDBSAR0309
CGE	ALCATEL
CGM	CEGEDIM
CGR	CEGEREAL
CHAU	CHAUF.URB.
CHSR	CHAUSSERIA
CHTR	CHAINE TRAME
CIB	CIBOX INTER A CTIV
CID	CIDER SANTE
CIEM	CIE MAROCAINE
CIMB	IMMOBETELGEUSE
CITL	CITEL
CIV	CRCAM ILLE-VIL.CCI
CK	CASINO GUICHAR.ADP
CLAY	CLAYEUX
CLR	CLARINS
CMA	CIMENTS FRANCAIS
CMD	CMT MEDICAL TECHN.
CMO	CRCAM MORBIHAN CCI
CNF	CRCAM NORD CCI
CNP	CNP ASSURANCES
CO	CASINO GUICHARD
COE	NORD EST
COH	COHERIS
COI	COIL
COLGP	COLGATE PALMOLIVE
COM	CNIM CONSTR.FRF 10
CORI	CORIO
COST	COSTIMEX
COTT	COTTIN FRERES
COUR	COURTOIS
COX	NICOX
CPT	COMPLETEL N.V.ORD
CRAP	CRCAM ALP.PROV.CCI
CRAV	CRCAM ATL.VEND.CCI
CRBP	CRCAM BRIE PIC CCI
CRCL	CRCAM CEN.LOIR.CCI
CRI	CHARGEURS
CRL	CARBONE LORRAINE
CRLO	CRCAM LOIRE HTE L.
CRMI	CRCAM MIDICCI
CRO	CROSS SYSTEMS
CROI	CRCAM OISE CCI
CRSU	CRCAM SUD R.A.CCI
CRTO	CRCAM TOURAINE CCI
CS	AXA
CSAR	CESAR
CTRG	CATERING INTL SCES
CU	CLUB MEDITERRANEE
CV	ZAMBIA COPPER
CYB	CYBERGUN
CYBX	CYBERNETIX
CYP	CYBER PRESS PUBLIS
DAB	DAB BANK J00
DAL	BACOU-DALLOZ
DAN	DANE ELEC MEMORY
DANBR	DANEELECBSAR13
DAR	DAMARTEX
DBT	ENCRES DUBUIT
DC	GOLD FIELDS
DCH	DELACHAUX
DEC	JC DECAUX SA.
DEQN	DESQUENNE ET GIRAL
DEV	DEVEAUX
DEVR	DEVERNOIS
DEXSP	DEXIA STRIP
DG	VINCI (EX.SGE)
DGE	DIAGEO
DGM	DIAGNOSTIC MEDICAL
DGMBA	DMSBSARA2007
DGMBB	DMSBSARB2010
DIDO	DIDOT BOTTIN
DIG	DIGIGRAM
DIM	STEDIM
DLAM	DUC LAMOTHE PART.
DLT	DALET
DLTA	DELTA PLUS GROUP
DLTBA	DALET BSA 0607
DLTBR	DELTAPLU BSAR0710
DLTBS	DALET BSA MARS 07
DOLY	DOCKS LYONNAIS
DOWCP	DOW CHEMICAL
DP	IRDNORDPASDECALAIS
DPAM	DOCK.PETR.AMBES AM
DPAP	DU PAREIL AU MEME
DPT	ST DUPONT
DRE	PIER IMPORT EUROPE
DREG	FONC.DES REGIONS
DRN	DURAN
DS	DMC(DOLLFUS MIEG)
DSY	DASSAULT SYSTEMES
DUAR	GROUPE DUARTE
DUC	DUC
DUPP	DU PONT DE NEMOURS
DVT	DEVOTEAM
DX	DEXIA
DYT	DYNACTION
EAD	EADS
EADT	ADT S.I.I.C.
EBI	EBIZCUSS.COM
EBIBS	EBIZCUSSBS06-07
EBPF	FIN.ETANG BERRE PF
EC	TOTAL GABON
ECASA	ECA
ECMPP	EUROCOMM. PROP CD
EDF	EDF
EDI	MEDIA 6
EDL	EURO DISNEY S.C.A.
EEM	ELEC.MADAGASCAR
EF	ESSILOR INTL.
EHO	ESPACE PRODUCTION
EIFF	TOUR EIFFEL
ELE	EULER HERMES
ELEC	ELEC.STRASBOURG
ELR	ELIOR
ELRNV	ELIOR NV
EME	EMME
EMG	EUROMEDIS GROUPE
EMGP	ICADE EMGP
EN	BOUYGUES
ENTC	ENTREP.CONTRACTING
EO	FAURECIA
EOS	ACTEOS
EPCP	EXPLOS.PROD.CHI.PF
ERA	ERAMET
ERF	EUROFINS SCIENT.
ERFBR	EUROFINS BSAR 13
ERMO	ETU.REALI.MOULES
ERSC	EUROSIC
ERT	AXORYS
ES	ESSO
ESI	ESI GROUP
ESK	ESKER
ESRP	ESR
ETL	EUTELSAT COMMUNIC.
EUR	EURO RESSOURCES
EURS	FONCIERE EURIS
EXAC	EXACOMPTA CLAIREF.
EXE	EXEL INDUSTRIES A
EXPL	EXPLOSIFS PROD.CHI
FALA	FALA
FAUV	FAUVET GIREL
FAYE	FAYENC.SARREGUEMI.
FBEL	FROMAGERIES BEL
FCMC	FERM.CAS.MUN.CANNE
FDL	FDL
FED	GIORGIO FEDON
FEM	AUFEMININ.COM
FFBE	R-SIIC
FFP	FONC.FIN.PARTICIP.
FGR	EIFFAGE
FIF	FININFO
FII	LISI
FIM	FIMALAC
FIMBS	FIMALAC BS03 BASA
FINU	FINUCHEM
FIPP	FIPP
FLE	FLEURY MICHON
FLM	FLOREANE MEDICAL
FLO	GROUPE FLO
FLY	FONCIERE LYONNAISE
FMME	FSE MOULAG.METALG.
FMU	FONCIERE DES MURS
FNTS	FINATIS
FOAF	FIN.OUEST AFRICAIN
FON	FONCIA GROUPE
FORDP	FORD MOTOR
FORE	FORESTIERE EQUAT.
FORI	FORINTER
FP	TOTAL
FPG	UNION TECH.INFOR.
FPGBS	UTI GROUP BSA03-08
FR	VALEO
FROM	FROMAG.PAUL-RENARD
FSER	FIAT SPA EPAR.RGP
FSOR	FIAT SPA ORD.RGP
FSPR	FIAT SPA PRIV.RGP
FTE	FRANCE TELECOM
FTNV7	FRANCE TELECOMNV07
GA	GEOPHYSIQUE(GLE)
GAIL	GAILLARD(FSE ETS)
GAM	GAUMONT
GANBS	GANTOISBSA0707
GANT	GANTOIS
GARD	BISCUITS GARDEIL
GAZ	GAZ DE FRANCE
GBB	BOURBON
GBT	GUERBET
GDMS	GDS MOULINS STRAS.
GDS	GENERALE DE SANTE
GEA	GEA GRENOBL.ELECT.
GECP	GECI INTL
GEM	GEMPLUS INTL.OPE
GENP	STALLERGENES
GEO	GEODIS
GEOF	COFIGEO
GFC	GECINA NOM.
GFI	GFI INFORMATIQUE
GFIBS	GFI INFOR.BSAR03
GFT	GAMELOFT
GG	GUYENNE GASCOGNE
GID	EGIDE
GIDBS	EGIDE BS 06
GIL	GROUPE GUILLIN
GIRO	SIGNAUX GIROD
GJAJ	GROUPE JAJ
GLE	SOCIETE GENERALE
GLO	GL EVENTS
GLT	GL TRADE
GMP	GENERAL MOTORS
GND	NORBERT DENTRESS.
GNE	GENERAL ELECTRIC
GNG	GINGER
GNI	CRCAM AQUITAINE
GNS	GENESYS
GNX	GENERIX
GPDF	GPE DIFFUSION PLUS
GPE	GPE GROUP PIZZORNO
GPRI	AVERYS
GREV	MUSEE GREVIN
GRL	ALGORIEL
GRS	GROUPE SILICOMP
GRSBS	SILICOMP BSA 2007
GRVO	GRAINES VOLTZ
GSP	GROUPE GO SPORT
GTO	GEMALTO
GUI	GUILLEMOT
GUYBS	GUYDEGBSAR0407
GUYD	GUY DEGRENNE
GVLT	GEVELOT
GYO	EVIALIS
HAM	HAMMERSON PLC
HAV	HAVAS
HBS	HBS TECHNOLOGIE
HBW	HUBWOO.COM
HCDV	HOT.CAS.DEAUVILLE
HCL	HUIS CLOS
HCO	HIGH CO
HDP	HOTELS DE PARIS
HF	HF
HG	HARMONY GOLD
HIM	HI MEDIA
HIMBS	HIMBSA29/06/07
HO	THALES
HOL	HOLOGRAM IND.
HOND	HONDA MOTOR
HREG	HOTEL REGINA PARIS
HSB	HSBC HOLDINGS
HVM	BAYER.HYPO.
HYP	HYPARLO
IAM	MAROC TELECOM
IBG	IB GROUP
ICA	ICADE
IDIP	IDI
IDSU	IDSUD
IEC	IEC PROFES.MEDIA
IFG	INFOGRAMES ENTERT.
IFV	INFO VISTA
IGE	IGE + XAO
IGF	GIFI
ILD	ILIAD
ILO	ILOG
IMDA	IMMOB.DASSAULT
IME	IMECOM GROUP
IMFR	IMMEUBLES FRANCE
IMHO	IMMOB.HOTELIERE
IML	AFFINE
IMMP	SIIC DE PARIS NOM.
IMP	IDEAL MEDICAL PROD
IMS	IMS INTL METAL SCE
IMVT	IMV TECHNOLOGIES
INCL	INCO LIMITED
INFE	INDLE FIN.ENTREPR.
ING	INGENICO
INGP	ING GROEP
INIT	INITIATIVE FIN.S.A
INN	INNELEC MULTIMEDIA
INV	SIICINVEST
IPBM	INS.PART.BOIS MEUB
IPH	INNATE PHARMA
IPN	IPSEN
IPOA	IPO
IPS	IPSOS
ITE	ITESOFT
ITL	IT LINK
ITP	INTER PARFUMS
ITS	ITS SEEVIA GROUP
ITT	ITT CORPORATION
ITXT	INTL TEXT.ASSOCIES
JBOG	JACQUES BOGART
JCQ	JACQUET METALS
JEAN	JEANJEAN
JET	JET MULTIMEDIA
JXR	ARCHOS
KAZBS	OKAZIBAO1,55BS0409
KAZI	ORCH.KAZIBAO REGRT
KEY	KEYRUS
KFR	KINGFISHER RGP
KIND	KINDY
KN	NATEXIS BQ.POPUL.
KOF	KAUFMAN ET BROAD
KSA	KESA ELECTRICALS
LAC	LACIE S.A.
LACR	LACROIX SA
LAF	LAFUMA
LAGB	LAGARDERE ACT.BRO.
LAT	AVIATION LATECOERE
LATO	LATONIA INVEST.
LBON	LEBON
LCO	SOLUCOM
LD	LOCINDUS
LDA	ALDETA
LDL	LDLC.COM
LEBL	LCX LEBLANC CHROM.
LEON	LEON DE BRUXELLES
LEX	LEXIBOOK LINGUIST.
LEY	FAIVELEY
LG	LAFARGE
LI	KLEPIERRE
LIN	LINEDATA SERVICES
LNA	LE NOBLE AGE
LOR	ARCELOR
LOUP	LDC
LPE	LAURENT-PERRIER
LR	LEGRAND
LSS	LECTRA
LTA	ALTAMIR
LTAN	LE TANNEUR
LTC	IOLTECH
LTE	VALTECH
LTI	ALTI
LUC	LUCIA
LVL	LVL MEDICAL GROUPE
LYC	LYCOS EUROPE C.B
LYSP	SYLIS
MAIR	HENRI MAIRE
MALA	GRAND MARNIER
MALT	MALTERIES FCO-BEL.
MAN	MANUTAN INTL
MAU	MAUREL ET PROM
MBEL	MB ELECTRONIQUE
MC	LVMH
MCLC	MECELEC
MDC	MEDCOST
MDD	MEDIDEP
MDG	MEDIAGERANCE COM
MDL	MODELABS GROUP
MED	MEDASYS
MEET	MEETIC
MEMBS	MEMSCAPBSAF1208
MEMS	MEMSCAP REGPT
MERY	MERCIALYS
MEX	MEILLEURTAUX
MF	WENDEL INVEST.
MFC	MAISONS FRANCE
MFG	MONTAIGNE FASHION
MFGBS	MONTAIGNEBSA 1208
MGIC	MGI COUTIER
MIL	MILLIMAGES
MILBS	MINELUCETBSA0608
MILU	MINES LUCETTE
ML	MICHELIN
MMB	LAGARDERE S.C.A.
MMT	METROPOLE TV
MON	MONTUPET SA
MONC	MONCEY (FIN.) NOM.
MPE	MONDIAL PECHE
MRB	MR BRICOLAGE
MRK	MERCK AND CO INC
MSCH	MANUF.ST-CHAMOND
MTG	METROLOGIC GROUP
MTP	MITTAL STEEL A
MTU	MANITOU BF
MUL	INDEX MULTIMEDIA
MUN	MICROPOLE-UNIVERS
MUNBS	MICUNIVERSBS06-08
NEO	NEOPOST
NERG	NERGECO
NETR	NETRA SYSTEMS
NEUF	NEUF CEGETEL
NEX	NEXANS
NISS	NISSAN FRANCE SA
NK	IMERYS
NOEV	NEOVIA ELECTRONICS
NOHYP	NORSK HYDRO
NORT	NORTENE
NOV	A NOVO
NRG	NRJ GROUP
NRO	NEURONES
NRX	NATUREX
NRXBS	NATUREX BS 34 0108
NSGP	NSC GROUPE
NTG	NETGEM
NTL	V CON TELECOM.
NTS	NET2S
NXI	NEXITY
NXT	EURONEXT
NXTV	NEXTRADIOTV
OCS	OBERTHUR CARD SYS.
ODET	FINANCIERE ODET
OLI	OLITEC
OLV	SOLVING INTL
OMA	AUTOMA TECH
ONA	ONA
ONE	ONET
OPCBS	OPERA BS 19 0908
OPCO	OPERA CONSTRUCTION
OPN	GROUPE OPEN
OPNBR	GRPOPEN BSAR 0809
OR	L'OREAL
ORAP	ORAPI
ORC	ORCO PROPERTY GRP
ORCBR	ORCO BSAR 2012
ORCBS	ORCO BS
ORG	ORGASYNTH
ORIA	FIDUCIAL REAL EST.
OROS	OROSDI-BACK
ORP	ORPEA
OSA	OSIATIS
OSI	AUSY
OTO	OTOR
OXI	OXIS INTL
OXYM	OXYMETAL
PA	METALEUROP
PAJ	PAGESJAUNES
PAOR	PARIS-ORLEANS
PAR	PAREF
PARP	GROUPE PARTOUCHE
PARRO	PARROT
PCA	PRODUITS CHIM.AUX.
PCABS	PROD.CHIM.BS05BSAR
PDJ	PISCINES DESJOYAUX
PERF	PERFECT TECHNO REG
PERR	PERRIER (GERARD)
PFR	PETIT FORESTIER
PGP	PROCTER GAMBLE
PHA	PHARMAGEST INTER.
PHM	ALTRIA GROUP
PHO	PHONE SYSTEMS
PHY	ALES GROUPE
PHYBS	ALES GP 36 BS 0309
PIER	TRSP NORD-PIERCHON
PIG	HAULOTTE GROUP
PIMO	ICADEFONCPIMONTS
PNS	REPONSE
POM	PLASTIC OMNIUM
PONY	PONCIN YACHTS
POUJ	POUJOULAT(ETS)
PP	PPR
PPS	PENAUILLE POLYSCES
PPSA	PENABSAR A 10
PPSB	PENABSAR B 10
PPSC	PENABSAR C 10
PRC	ARTPRICE COM
PRD	PROSODIE
PRDF	PRODEF
PREC	PRECIA
PRO	PROLOGUE SOFTWARE
PROBB	PROL.SOFT.BSAR02 B
PRS	PRISMAFLEX INTL
PSAT	PASSAT
PSB	PSB INDUSTRIES
PSY	PARSYS
PTER	PLANT.TERRES ROUG.
PTSN	PETERSEN
PUB	PUBLICIS GROUPE SA
PUBBS	PUBLICIS BSA
PUS	PUBLIC SYSTEME
PVL	PLAST.VAL LOIRE
QUA	QUANTEL
QUABS	QUANTEL BSAR03
QUOT	QUOTIUM TECHNO
RAL	RALLYE
RAN	SYSTRAN
RBT	ROBERTET
RCEP	RODAMCO EUROPE
RCF	TELEPERFORMANCE
RCO	REMY COINTREAU
RDC	RUE DU COMMERCE
RE	COLAS
RF	EURAZEO
RGR	ROUGIER S.A.
RHA	RHODIA
RI	PERNOD RICARD
RIA	GROUPE STERIA
RIB	RIBER
RICOP	RICOH
RIN	VILMORIN & CIE
RINV	PERNOD RICARD NV06
RIS	R2I SANTE
RLL	RADIALL
RMS	HERMES INTL
RNO	RENAULT
ROBP	ROBECO
ROCA	ROCAMAT
ROD	RODRIGUEZ GROUP
ROLP	ROLINCO
RORP	RORENTO
RSC	RISC GROUP
RTZ	RIO TINTO ORD
RUI	RUBIS
SAA	SASA INDUSTRIE
SABE	SABETON
SACI	FIDUCIAL OFF.SOL.
SAF	SAFRAN
SAFT	SAFT
SAGA	SAGA NOM.
SAMP	SAM
SAMS	SAMSE
SAN	SANOFI-AVENTIS
SAR	SYSTAR
SBT	OENEO
SBTBR	OENEO BSAR2.5 0708
SCDU	SCHAEFFER DUFOUR
SCDV	SECURIDEV
SCHP	SECHE ENVIRONNEM.
SCO	SCOR
SDG	SYNERGIE
SDRB	SDR BRETAGNE
SDT	VISIODENT
SEC	SODITECH ING.
SECH	SECHILIENNE SIDEC
SELER	SELECTIRENTE
SESG	SES GLOBAL FDR
SESL	STORE ELECTRONICS
SETF	SETFORGE
SFBS	FINA.BUREAUX USIN.
SFPI	PARIS IDF
SFT	SOFT COMPUTING
SGO	SAINT GOBAIN
SHAR	SHARP CORP.
SICA	SICAL
SII	SII
SIL	SILIC
SIO	SERIBO
SIPH	INTLE PLANT.HEVEAS
SIRA	SIRAGA
SIX	SIPAREX CROISSANCE
SK	SEB
SLB	SCHLUMBERGER
SLON	SALOMON BROTH.FUND
SMO	SMOBY
SMTPC	SMTPC
SO	SOMFY SA
SOCM	FONCIERE MASSENA
SOD	SODIFRANCE
SODC	SODICE EXPANSION
SOFC	SOFCO
SOFR	SOFRAGI
SOG	SOGECLAIR
SOI	SOITEC
SOP	SOPRA GROUP
SOR	SOREFICO COIFFURE
SPEL	SPORT ELEC
SPI	SPIR COMMUNICATION
SPV	SUCR.PITHIVIERS
SPVX	SELCODIS
SQI	SQLI
SRPC	SAIRP COMPOSITES
STAL	INSTALLUX
STF	STEF TFE
STH	ASTRA TECHNOL.INV.
STIL	STILFONTEIN GOLD
STM	STMICROELECTRONICS
SU	SCHNEIDER ELECTRIC
SUPR	SUPRA
SW	SODEXHO ALLIANCE
SWP	SWORD GROUP
SX	CS (COMM.SYSTEMES)
SXBS7	CSCOMBSA0707
SY	SALVEPAR
SYS	AEDIAN
SZE	SUEZ
TABSA	FONC ATLAND BSA A
TABSB	FONC ATLAND BSA B
TAM	ETAM DEVELOPPEMENT
TANN	FONCIERE ATLAND
TAYN	TAYNINH
TDNU	TETE DS NUAGES RPT
TEC	TECHNIP
TEF	TESFRAN
TEO	THEOLIA
TES	TESSI
TF	TELEFONICA
TFF	TONN.FRANCOIS FRES
TFI	TF1
THAR	THARREAU IND.
THEP	THERMADOR GROUPE
THER	THERMOCOMPACT
TIP	TEAM PARTNERS GRP
TIPBS	TEAMBSA151206
TIPI	TIPIAK
TLC	TELEC.RESEAUX SCES
TLO	TEAMLOG
TMS	THOMSON (EX:TMM)
TNFN	TECHNOFAN
TNG	TRANSGENE
TNU	EUROTUNNEL UNITS
TONN	TONNA ELECTRONIQUE
TOU	TOUPARGEL-AGRIGEL
TOUP	TOUAX
TRD	TRADER CLASSIF.MED
TRI	TRIGANO
TRIG	INTL ANDRE TRIGANO
TRNO	BANQUE TARNEAUD
TVLY	TIVOLY
TVRB	TELEVERBIER
UBI	UBISOFT ENTERTAIN
UBSAR	UBISBSAR08
UDIBR	U10 BSAR 0313
UDIS	U10
UFF	UNION FIN.FRANCE
UG	PEUGEOT
UGRP	UGIGRIP
UL	UNIBAIL
ULDV	ULRIC DE VARENS
UMS	UMANIS
UNBL	UNIBEL
UNM	UNIVERS.MULTIMEDIA
VA	ANGLOGOLD ASHANTI
VAC	PIERRE VACANCES
VAST	VASTNED RETAIL
VCT	VICAT
VEC	VECTRANE
VERM	VERMANDOISE SUCR.
VET	VET AFFAIRES
VIE	VEOLIA ENVIRON.
VIKG	VIKING
VIL	VIEL ET COMPAGNIE
VIM	PROVIMI
VIRP	VIRBAC
VIV	VIVENDI
VK	VALLOUREC
VMABS	VMMATEBS1107
VMMA	VM MATERIAUX
VOR	SEQUANA CAPITAL
VRAP	VRANKEN-POMMERY
VRNL	VERNEUIL PARTICIP.
WAFP	AIRFRANCEKLMBS0507
WCB	CASINO BS C 1206
WCR	RALLYE BS03 C 1106
WDPP	WDP-SICAFI
WFI	LISI 47 BSAR 0510
WHP	WERELDHAVE
XIL	XILAM ANIMATION
YACHT	COUACH
ZC	ZODIAC
ZCNV	ZODIAC NOUV.06
ZIF	ZUBLIN IMMOBILIERE
ZIFBS	ZUBLINBSAR0107
