3IINFOT_a	3I INFOTECH LIMIT
3MINDIA_a	3M INDIA LIMITED
AARTIIND	AARTI INDUSTRIES 
ABANLOY_a	ABAN LLOYD CHILES
ABB_a	ABB LTD.
ABGHEAVY	ABG HEAVY INDUSTR
ABSHEKIND	ABHISHEK INDUSTRI
ABSIND_a	BAYER ABS LIMITED
ACC_a	ASSOCIATED CEMENT
ADANIEX_a	ADANI EXPORTS LTD
ADITYAI_a	ADITYA INTERNATIO
ADLABSFIL	ADLABS FILMS LTD
ADORWELD	ADOR WELDING LTD
AEGISCH_a	AEGIS LOGISTICS L
AFTEKINFO	AFTEK INFOSYS LIM
AGEEGOL_a	AGEE GOLD REFINER
AGREVOIND	BAYER CROPSCIENCE
AGRODUT_a	AGRO DUTCH INDUST
AHMEDELEC	AHMEDABAD ELECTRI
AHMEDFORG	AHMEDNAGAR FORGIN
AJANTPH_a	AJANTA PHARMA LIM
AKSHOPTFB	AKSH OPTIFIBRE LI
ALBK_a	ALLAHABAD BANK
ALEMBICLT	ALEMBIC LIMITED
ALFALAV_a	ALFA LAVAL INDIA 
ALLIEDRES	ALLIED RESINS AND
ALLSEC	ALLSEC TECHNOLOGI
ALOKTEX_a	ALOK INDUSTRIES L
ALPICFIN	ALPIC FINANCE LTD
ALPSINDUS	ALPS INDUSTRIES L
AMARAJABA	AMARA RAJA BATTER
AMAR_a	AMAR REMEDIES LTD
AMBICAAGA	AMBICA AGAR & ARO
AMBUJARAJ	AMBUJA CEMENT RAJ
AMITSPI_a	AMIT SPG. IND. LT
AMTEKAUTO	AMTEK AUTO LTD.
AMTEKINDI	Amtek India Limit
AMTEKIN_a	AMTEK INDIA LIMIT
AMTREXA_a	HITACHI HOME & LI
ANDHRAB_a	ANDHRA BANK
ANDHRSUGA	ANDHRA SUGARS LTD
ANIKSHIP	ANIK SHIP BREAKIN
ANTGRAPHI	ANTARCTICA  LTD
APARIND_a	APAR INDUSTRIES L
APCOTEX_a	APCOTEX LATTICES 
APIL	ALSTOM PROJECTS I
APOLLOHOS	APOLLO HOSPITALS 
APOLLOT_a	APOLLO TYRES LTD
APOWERTOO	CONSORTEX KARL DO
APPAPER_a	AP PAPER MILLS LT
APTECHT_a	APTECH LIMITED
ARAVALIIN	ARAVALI INDUSTRIE
ARCHIES	ARCHIES LTD
ARENTERP	RAJDARSHAN INDUST
ARHAMFISC	COLOR CHIPS LIMIT
ARL_a	ARVIND REMEDIES L
ARVINDM_a	ARVIND MILLS LTD
ASAHIINDI	ASAHI INDIA GLASS
ASAL_a	AUTOMOTIVE STAMPI
ASHAPURMI	ASHAPURA MINECHEM
ASHIMAS_a	ASHIMA LTD
ASHKLEY_a	ASHOK LEYLAND FIN
ASHOKLE_a	ASHOK LEYLAND LTD
ASIANELEC	ASIAN ELECTRONICS
ASIANHO_a	ASIAN HOTELS LTD
ASIANPA_a	ASIAN PAINTS INDI
ASIL	Amit Spinning Ind
ASIL_a	AMIT SPINNING IND
ASTRAIDL	ASTRAZENECA PHARM
ASTRAMI_a	ASTRA MICROWAVE L
ATCOM	ATCOM TECHNOLOGIE
ATFL_a	AGRO TECH FOODS L
ATLASCYCL	ATLAS CYCLE (HARY
ATNINT	ATN INTERNATIONAL
ATULPROD	ATUL LTD
AURIONPRO	Aurionpro Soln. L
AURIONP_a	AURIONPRO SOLN LT
AUROPHA_a	AUROBINDO PHARMA 
AUTOAXL_a	AUTOMATIVE AXLES 
AUTOLIT_a	AUTOLITE (INDIA) 
AUTORID_a	AUTORIDERS FINANC
AVAYAGCL	AVAYA GLOBAL CONN
AVENTIS_a	AVENTIS PHARMA LI
AZTEC_a	AZTEC SOFTWARE LT
BAGFILM_a	B.A.G. FILMS LIMI
BAGYAME_a	BHAGYANAGAR METAL
BAJAJAUTO	BAJAJ AUTO LTD
BAJAJHIND	BAJAJ HINDUSTAN L
BAJAJPLAS	BAJAJ PLASTICS LT
BAJAUTO_a	BAJAJ AUTO FINANC
BALAJIDIS	BALAJI DISTILLERI
BALAJITEL	BALAJI TELEFILMS 
BALASPONG	JAI BALAJI SPONGE
BALASTEEL	Shri Ramrupai Bal
BALASTE_a	SHRI RAMRUPAI BAL
BALMLAW_a	BALMER LAWRIE & C
BALRAMCHI	BALRAMPUR CHINI M
BANARBE_a	BANARAS BEADS LTD
BANARIS_a	BANNARI AMMAN SUG
BANKBAR_a	BANK OF BARODA
BANKBEES	BENCHMARK BANKBEE
BANKINDIA	BANK OF INDIA
BANKPUNJA	BANK OF PUNJAB LT
BANKRAJ_a	THE BANK OF RAJAS
BASF_a	BASF INDIA LTD
BASML	Bannari Am Spin M
BASML_a	BANNARI AM SPIN M
BATAINDIA	BATA INDIA LTD
BBTC_a	BOMBAY BURMAH TRA
BCCL	BIHAR CAUSTICS AN
BEL	BHARAT ELECTRONIC
BELCERAMI	BELL CERAMICS LTD
BEML	BHARAT EARTH MOVE
BEPL	BHANSALI ENG. POL
BERGEPA_a	BERGER PAINTS (I)
BGFL_a	BIRLA GLOBAL FINA
BHARATF_a	BHARAT FORGE CO L
BHARATG_a	BHARAT GEARS LTD.
BHARATHOT	BHARAT HOTELS LTD
BHARATP_a	BHARAT PIPES AND 
BHARATR_a	BHARAT RASAYAN LT
BHARTIS_a	BHARATI SHIPYARD 
BHARTI_a	BHARTI TELE-VENTU
BHEL_a	BHEL
BHORIND	BHOR INDUSTRIES L
BHUSANS_a	BHUSHAN STEEL & S
BILT_a	BALLARPUR INDUSTR
BIL_a	BHARTIYA INTERNAT
BINDALAGR	OSWAL CHEM. & FER
BIOCON	BIOCON LIMITED.
BIOFILC_a	BIOFIL CHEM & PHA
BIRLAER_a	BIRLA ERICSON LTD
BIRLAJUTE	BIRLA CORPORATION
BLBLIMI_a	BLB LIMITED
BLUEBLE_a	BLUE BLENDS (I) L
BLUECHI_a	BLUE CHIP INDIA L
BLUEDART	BLUE DART EXPRESS
BLUESTARC	BLUE STAR LIMITED
BLUESTINF	BLUE STAR INFOTEC
BOBELSS97	BOB MUTUAL FUND-E
BOC_a	BOC LTD
BOMDYEING	BOMBAY DYEING & M
BONGAIR_a	BONGAIGAON REFINE
BPCL_a	BHARAT PETROLEUM 
BPL	BPL LTD
BPLENGG_a	BPL ENGINEERING L
BPLREFR_a	B S REFRIGERATORS
BPLSANTEC	BST LIMITED
BRFL	Bombay Rayon Fash
BRFL_a	BOMBAY RAYON FASH
BRITANNIA	BRITANNIA INDUSTR
BSCFAUG08	Benchmark Mutual 
BSCFAUG_a	BENCHMARK SPLIT C
BSELINF_a	BSEL INFRASTRUCTU
BSL	BSL LTD
CADILAHC	CADILA HEALTHCARE
CALSOFT_a	CALIFORNIA SOFTWA
CANBK	CANARA BANK
CANFINHOM	CAN FIN HOMES LTD
CARBORU_a	CARBORUNDUM UNIVE
CAROLIN_a	CAROL INFO SERVIC
CASTROL	CASTROL INDIA LTD
CAUVERSOF	CAUVERY SFWARE EN
CCL_a	CCL PRODUCTS (I) 
CDRMEDI_a	CDR MEDICAL INDUS
CEATFIN_a	CFL CAPITAL FINAN
CEAT_a	CEAT LTD
CENTENK_a	CENTURY ENKA LTD
CENTEXT	CENTURY EXTRUSION
CENTURI_a	CENTURION BANK LI
CENTURY_a	CENTURY TEXTILES 
CESC	CESC LTD
CGIGARS_a	CG IGARSHI MOTORS
CHAMBLFER	CHAMBAL FERTILIZE
CHAMPDANY	CHAMPDANY INDUSTR
CHEMPLA_a	CHEMPLAST SANMAR 
CHENNPE_a	CHENNAI PETROLEUM
CHESLINTE	CHESLIND TEXTILES
CHLORID_a	EXIDE INDUSTRIES 
CHOLAINV	CHOLAMANDALAM INV
CIMCOBI_a	CIMMCO BIRLA LTD
CINEVIS_a	CINEVISTAAS LTD
CIPLA_a	CIPLA LTD
CIPL_a	CENTRAL INDIA POL
CLARIANT	CLARIANT (INDIA) 
CLASSIC	CLASSIC DIAMONDS 
CMC_a	CMC LTD
COCHINREF	KOCHI REFINERIES 
COLGATE	COLGATE PALMOLIVE
COLORCHEM	COLOUR CHEM LTD
COMPUDYNE	COMPUDYNE WINFOSY
COMPUTECH	COMPUTECH INTL LT
CONCOR_a	CONTAINER CORP OF
CONSCOFFE	TATA COFFEE LIMIT
CONSOFINV	CONSO. FIN. & HOL
CORALFINA	CORAL INDIA FIN &
COREEMB_a	CORE EMBALLAGE LT
COREPAREN	CORE HEALTHCARE L
COROMNFER	COROMANDAL FERTIL
CORPBANK	CORPORATION BANK
COSMOFILM	COSMO FILMS LTD
CRANESSOF	CRANES SOFTWARE I
CRBCAPS	CRB CAPITAL MARKE
CRBCORP	CRB CORPORATION L
CREATIVEY	CREATIVE EYE LIMI
CRESTAN_a	CREST ANIMATION S
CREWBOS_a	CREW B.O.S. PRODU
CRISIL_a	CRISIL LTD
CROMPGREA	CROMPTON GREAVES 
CUB	CITY UNION BANK L
CUBEXTU_a	CUBEX TUBINGS LTD
CYBERME_a	Cyber Media (Indi
CYBERTECH	CYBERTECH SYSTEMS
D-LINK	D-LINK INDIA LIMI
DABUR	DABUR INDIA LTD
DABURPHAR	DABUR PHARMA LIMI
DALALSTCO	DSJ COMMUNICATION
DALMIAC_a	DALMIA CEMENT (BH
DATATECH	DATAMATICS TECHNO
DATTMEDI	DATT MEDIPRODUCTS
DCHL	DECCAN CHRONICLE 
DCM	DCM LTD
DCMFINS_a	DCM FINANCIAL SER
DCMSRMC_a	DCM SHRIRAM CONSO
DCW_a	DCW LTD
DEEPAKF_a	DEEPAK FERTILIZER
DENABAN_a	DENA BANK
DEWANHOUS	DEWAN HOUSING FIN
DHAMPURSU	DHAMPUR SUGAR MIL
DHANBAN_a	THE DHANALAKSHMI 
DHARSUG_a	DHARANI SUGARS & 
DICIND_a	DIC INDIA LIMITED
DIGITAL_a	DIGITAL GLOBALSOF
DISHMAN_a	DISHMAN PHARMA & 
DIVISLAB	DIVI'S LABORATORI
DREDGEC_a	DREDGING CORP OF 
DRREDDY_a	DR. REDDY'S LABOR
DUNCANS_a	DUNCANS INDUSTRIE
DWARKES_a	DWARIKESH SUGAR I
DYNACONS	DYNACONS SYSYTEMS
E-SERVE_a	E-SERVE INTERNATI
EASTSILK	ESI LTD
EASUNREYR	EASUN REYROLLE LT
EICHER	EICHER LTD
EICHERL_a	EICHER LIMITED
EICHERM_a	EICHER MOTORS LTD
EIDERTE_a	EIDER INFOTECH  L
EIDPARR_a	EID PARRY INDIA L
EIHOTEL	EIH LIMITED
EIMCOEL_a	EIMCO ELECON (IND
ELDERPHAR	ELDER PHARMACEUTI
ELECONENG	ELECON ENGINEERIN
ELECTCAST	ELECTROSTEEL CAST
ELGIEQU_a	ELGI EQUIPMENTS L
ELGITYR_a	ELGITREAD (INDIA)
EMTEXIND	EMTEX INDUSTRIES 
ENGINER_a	ENGINEERS INDIA L
ESABINDIA	ESAB INDIA LTD
ESCMFDI_a	ESCORTS MF-IB DIV
ESCMFGR_a	ESCORTS MF-IB GRO
ESCORTS_a	ESCORTS INDIA LTD
ESSARGUJ	ESSAR STEEL LTD
ESSAROI_a	ESSAR OIL LTD
ESSELPACK	ESSEL PROPACK LTD
ETCNETW_a	ETC NETWORKS LTD
ETCNET_a	ETC NETWORKS LIMI
ETERNEVRS	ETERNIT EVEREST L
ETPCORP	ETP CORPORATION L
EUROSOF_a	EUROPEAN SOFTWARE
EUROTEX_a	EUROTEX INDUSTRIE
EVEREAD_a	Eveready Industri
EVERESTIN	EVEREST INDUSTRIE
EXCELCROP	EXCEL CROP CARE L
EXCELINDU	EXCEL INDUSTRIES 
FAGBEARIN	FAG BEARINGS INDI
FCSSOFT	FCS Software Soln
FCSSOFT_a	FCS SOFTWARE SOLN
FDC_a	FDC LIMITED
FEDERALBN	FEDERAL BANK LTD
FINANTECH	Financial Techno 
FINANTE_a	FINANCIAL TECHNO 
FINCABLES	FINOLEX CABLES LT
FINPIPE	FINOLEX INDUSTRIE
FIRSTLE_a	FIRST LEASING COM
FLEXCHE_a	FCL TECHNOLOGIES 
FLEXENGG	FLEX ENGINEERING 
FLEX_a	FLEX INDUSTRIES L
FLOATGLAS	FLOATGLASS (I) LT
FOSECOIND	FOSECO INDIA LTD
FOURSOFT	FOUR SOFT LIMITED
FSS	FLEXTRONICS SOFTW
GABRIEL	GABRIEL INDIA LIM
GAEL_a	GUJARAT AMBUJA EX
GAIL_a	GAIL (INDIA) LTD
GAMMONIND	GAMMON INDIA LTD
GARDENSIL	GARDEN SILK MILLS
GDL	GATEWAY DISTRIPAR
GENESYS_a	GENESYS INTL CORP
GENUSOVER	Genus Over. Elect
GENUSOV_a	GENUS OVER. ELECT
GEOINFO	GEODESIC INFO SYS
GEOJIT	Geojit Fin. Serv.
GEOJIT_a	GEOJIT FIN. SERV.
GEOMETR_a	GEOMETRIC SOFTWAR
GEORGFISC	GEORG FISCHER - R
GEORGWI_a	WILLIAMSON TEA AS
GERMANREM	GERMAN REMEDIES L
GESCOCO_a	MAHINDRA GESCO DE
GESHIPP_a	GREAT EASTERN SHI
GHCL	GHCL LIMITED
GICHSGFIN	GIC HOUSING FINAN
GINNIFILA	GINNI FILAMENTS L
GIPCL_a	GUJ IND POW CO. L
GKW_a	GKW LTD
GLAXO_a	GLAXOSMITHKLINE P
GLENMARK	GLENMARK PHARMACE
GLFL	GUJARAT LEASE FIN
GLOBLTRUS	GLOBAL TRUST BANK
GMDCLTD_a	GUJARAT MINERAL D
GNFC	GUJARAT NARMADA F
GODAVRFER	GODAVARI FERTILIS
GODFRYPHL	GODFREY PHILLIPS 
GODREJC_a	GODREJ CONSUMER P
GODREJIND	GODREJ INDUSTRIES
GOETZEIND	GOETZE (I) LTD
GOKEX_a	Gokaldas Exports 
GOLDIAM	Goldiam Internati
GOLDIAM_a	GOLDIUM INTERNATI
GOLDTECH	GOLDSTONE TECHNOL
GOLDTEL_a	GOLDSTONE TELESER
GOODLASNE	GOODLAS NEROLAC L
GPELECT	G P ELECTRONICS L
GRANDFONR	GRAND FOUNDRY LTD
GRANULES	Granules India Li
GRANULE_a	GRANULES INDIA LI
GRAPHITE	GRAPHITE INDIA LT
GRASIM_a	GRASIM INDUSTRIES
GREAVES_a	GREAVES COTTON LT
GREENPL_a	GREENPLY INDUSTRI
GRMAGNET	G R MAGNETS LTD
GRUH_a	GRUH FINANCE LTD.
GSFC_a	GUJ STATE FERT & 
GSKCONS	GLAXOSMITHKLINE C
GTCIND	GTC INDUSTRIES LT
GTL_a	GTL LTD
GTNTEXT_a	GTN TEXTILES LTD
GUFICBIO	GUFIC BIOSCIENCES
GUJALKALI	GUJARAT ALKALIES 
GUJAMBC_a	GUJARAT AMBUJA CE
GUJCYPROM	GUJARAT CYPROMET 
GUJFLUORO	GUJARAT FLUOROCHE
GUJNRECOK	GUJARAT N R E COK
GUJRAFFIA	GUJARAT RAFFIA IN
GUJRATGAS	GUJARAT GAS CO. L
GUJSIDH_a	GUJARAT SIDHEE CE
GUJSTATFI	GUJARAT STATE FIN
HARRMALAY	HARRISON MALAYALA
HARYANSHE	HARYANA SHEET GLA
HAVELLS	HAVELLS INDIA LIM
HBSTOCK	HB STOCKHOLDINGS 
HCL-INS_a	HCL INFOSYSTEMS L
HCLTECH	HCL TECHNOLOGIES 
HDFCBAN_a	HDFC BANK LTD
HDFC_a	HDFC LTD
HEG_a	HEG LTD
HELIOSM_a	HELIOS & MATHINFT
HERDILCHE	SCHENECTADY HERDI
HERITGFOO	HERITAGE FOODS (I
HEROHONDA	HERO HONDA MOTORS
HEXAWARE	HEXAWARE TECHNOLO
HIKAL_a	HIKAL LIMITED
HIMACHLFU	HIMACHAL FUTURIST
HIMATSE_a	HIMATSINGKA SEIDE
HINDALC_a	HINDALCO  INDUSTR
HINDCOM_a	HINDUSTAN COMPOSI
HINDCON_a	HINDUSTAN CONSTRU
HINDDOR_a	HINDUSTAN DORR OL
HINDIND_a	HINDUSTAN INDUSTR
HINDLEVCH	HIND LEVER CHEMIC
HINDLEVER	HINDUSTAN LEVER L
HINDMOT_a	HINDUSTAN MOTORS 
HINDOILEX	HINDUSTAN OIL EXP
HINDPET_a	HINDUSTAN PETROLE
HINDSANIT	HINDUSTAN SANITAR
HINDSPG	HINDOOSTAN SPG & 
HINDSYN_a	HIND SYNTEX LTD
HINDZIN_a	HINDUSTAN ZINC LT
HITECHGEA	HI-TECH GEARS LTD
HMT_a	HINDUSTAN MACHINE
HOCL_a	HINDUSTAN ORGANIC
HONAUT	HONEYWELL AUTOMAT
HOTELEE_a	HOTEL LEELA VENTU
HOTELRUGB	HOTEL RUGBY LTD
HTMEDIA	HT Media Limited 
HTMEDIA_a	HT MEDIA LIMITED 
HTMT_a	HINDUJA TMT LTD
HYDRBADIN	HYDERABAD INDUSTR
IBP	IBP CO LTD
ICDSLTD_a	ICDS LTD
ICI	ICI INDIA LTD
ICICIBA_a	ICICI BANK LTD.
ICIL	INDO COUNT INDUST
IDBIBANK	IDBI BANK LIMITED
IDBI_a	INDUS DEV BANK OF
IDFC	Infra. Dev. Fin. 
IDFC_a	INFRA. DEV. FIN. 
IFBAGRO	IFB AGRO INDUSTRI
IFBIND	IFB INDUSTRIES LT
IFCI_a	IFCI LTD
IFGLREF_a	IFGL REFRACTORIES
IGARASHI	Igarashi Motors I
IGFLFER_a	INDO GULF FERTILI
IGL	INDRAPRASTHA GAS 
IGS_a	IGATE GLOBAL SOLU
IMPAL	Ind Motor Part & 
IMPAL_a	IND MOTOR PART & 
IMPEXFERR	IMPEX FERRO TECH 
INDAL	INDIAN ALUMINIUM 
INDGYPS_a	INDIA GYPSUM LTD
INDHOTEL	INDIAN HOTELS CO 
INDIABU_a	INDIABULLS FIN. S
INDIACEM	INDIA CEMENTS LTD
INDIAFOIL	INDIA FOILS LTD
INDIAGL_a	INDIA GLYCOLS LTD
INDIAIN_a	India Infoline Li
INDIANCAR	INDIAN CARD CLOTH
INDIANH_a	INDIAN HUME PIPE 
INDLMETER	IMP POWER LTD
INDNAVRTN	IND NAVRATNA ROLL
INDNIPPON	INDIA NIPPON ELEC
INDOCO_a	INDOCO REMEDIES L
INDORAMSY	INDO RAMA SYNTHET
INDORAM_a	INDO RAMA TEXTILE
INDRAMEDC	INDRAPRASTHA MEDI
INDRAYON	INDIAN RAYON AND 
INDSHAV_a	GILLETTE INDIA LT
INDSWFTLA	IND SWIFT LABORAT
INDSWFT_a	IND-SWIFT LIMITED
INDUJEN_a	INDUJ ENERTECH LT
INDUSINDB	INDUSIND BANK LIM
INFOSYSTC	INFOSYS TECHNOLOG
INFOTEC_a	INFOTECH ENTERPRI
INGERRA_a	INGERSOLL-RAND IN
INVESTCOR	TATA INVESTMENT C
INVSTSM_a	IL&FS INVESTSMART
IOB	INDIAN OVERSEAS B
IOC_a	INDIAN OIL CORP L
IPCALAB	IPCA LABORATORIES
IPCL	INDIAN PETROCHEMI
ISPATPROF	ISPAT PROFILE (I)
IT&T_a	IT&T LTD.
ITC	ITC LTD
ITCHOTEL	ITC HOTELS LTD
ITIL	INFORMATION TECH(
ITI_a	ITI LTD
IVC	IL&FS INVESTMENT 
IVP	IVP LTD
IVRCLINFR	IVRCL INFRAST & P
JAGSNPHAR	JAGSONPAL PHARMAC
JAICORP_a	JAI CORP LIMITED
JAINSTU_a	JAIN STUDIOS LIMI
JAYAGROGN	JAYANT AGRO ORGAN
JAYBARMAR	JAY BHARAT MARUTI
JAYPEEH_a	JAYPEE HOTELS LTD
JAYSREETE	JAYSHREE TEA & IN
JBCHEPHAR	J B CHEMICALS AND
JBFIND	JBF INDUSTRIES LT
JBMAUTO_a	JBM AUTO COMPONEN
JCTELEC	JCT ELECTRONICS L
JCT_a	JCT LTD
JDORGO_a	JD ORGOCHEM LIMIT
JENSONICO	JENSON & NICHOLSO
JETAIRWAY	JET AIRWAYS (INDI
JIKINDS	JIK INDUSTRIES LI
JINDALD_a	JINDAL DRILLING &
JINDALFOT	JINDAL PHOTO LTD
JINDALI_a	JINDAL IRON AND S
JINDALPHO	JINDAL PHOTO LIMI
JINDALP_a	JINDAL POLY FILMS
JINDALSAW	JINDAL SAW LIMITE
JINDALSTE	JINDAL STEEL & PO
JINDALSWH	Jindal SouthWest 
JINDLST_a	JINDAL STRIPS LTD
JINDVIJ_a	JINDAL VIJAYANAGA
JISLJAL_a	JAIN IRRIGATION S
JKCORP_a	JK CORP LTD.
JKINDUS_a	J.K. INDUSTRIES L
JKPAPER	JK Paper Limited 
JKPAPER_a	JK PAPER LIMITED 
JPASSOCIA	JAIPRAKASH ASSOCI
JPHYDRO_a	Jaiprakash Hydro-
JPIND_a	JAIPRAKASH INDUST
JSTAINLES	JINDAL STAINLESS 
JSWSTL	JINDAL VIJAY. STE
JUBILANT	JUBILANT ORGANOSY
JUNIORBEE	NIFTY JR BENCHMAR
JYOTISTRU	JYOTI STRUCTURES 
KAJARIA_a	KAJARIA CERAMICS 
KAKATCEM	KAKATIYA CEM SUGA
KALECON_a	KALE CONSULTANTS 
KALPATP_a	KALPATARU POWER T
KALYANB_a	KALYANI BRAKES LT
KAMALOVER	KAMAL OVERSEAS LT
KAMATHOTE	KAMAT HOTELS (I) 
KANORICHE	KANORIA CHEMICALS
KARUNAC_a	KARUNA CABLES LTD
KARURVYSY	KARUR VYSYA BANK 
KCPSUGI_a	KCP SUGAR IND COR
KCP_a	KCP LTD
KECINTL_a	KEC INTERNATIONAL
KEDIADIST	KEDIA DISTILLERIE
KELVINATO	WHIRLPOOL OF INDI
KESORAMIN	KESORAM INDUSTRIE
KEYCORP_a	KEYNOTE CORP. SER
KHAITANEL	KHAITAN ELECTRICA
KHAITAN_a	KHAITAN (INDIA)LT
KHANDSE	KHANDWALA SECURIT
KINETICMO	KINETIC MOTOR COM
KIRLOSFER	KIRLOSKAR FERROUS
KIRLOSKCU	CUMMINS INDIA LTD
KIRLOSO_a	KIRLOSKAR OIL ENG
KITPLYIND	KITPLY INDUSTRIES
KLGSYSTEL	KLG SYSTEL LTD.
KNDENGT_a	KND ENG TECHNOLOG
KOJAMFI_a	KOJAM FININVEST L
KOPDRUG_a	KDL BIOTECH LIMIT
KOPRAN	KOPRAN LTD
KOTAKBA_a	KOTAK MAHINDRA BA
KOTARISUG	KOTHARI SUG & CHE
KOTHARIPE	KOTHARI PETROCHEM
KOTHARIPR	KOTHARI PRODUCTS 
KOTHARISU	KOTHARI SUGAR & C
KPIT_a	KPIT CUMMINS INFO
KRBL_a	KRBL LIMITED
KREBSBIO	KREBS BIOCHEMICAL
KRISHNA_a	KRISHNA ENGG. WOR
KRISNAF_a	KRISHNA FILAMENTS
KSBPUMP_a	KSB PUMPS LTD
KTKBANK	KARNATAKA BANK LI
L&T	LARSEN & TOUBRO L
LAKSHVI_a	LAKSHMI VILAS BAN
LANESED_a	LAN ESEDA INDUSTR
LAXMIMACH	LAKSHMI MACHINES 
LCCINFOTE	LCC INFOTECH LTD
LEADEDSYS	TRIGYN TECHNOLOGI
LGBROS	LG BALAKRISHNAN &
LIBERTSHO	LIBERTY SHOES LTD
LICHSGF_a	LIC HOUSING FINAN
LIQUIDBEE	LIQUID BENCHMARK 
LLOYDELEN	LLOYD ELECTRIC & 
LLOYDFIN	LLOYDS FINANCE LT
LLOYDST_a	LLOYD STEEL INDUS
LML	LML LTD
LOTTEIN_a	LOTTE INDIA CORPO
LUMAXAUTO	LUMAX AUTOMOTIVE 
LUMAXIND	LUMAX INDUSTRIES 
LUPIN	LUPIN LIMITED
LYKALAB_a	LYKA LABS LTD
M&M_a	MAHINDRA & MAHIND
MACMILL_a	MACMILLAN INDIA L
MADRASC_a	MADRAS CEMENTS LT
MADRASFER	MADRAS FERTILISER
MAFATLA_a	MAFATLAL FINANCE 
MAGMA	MAGMA LEASING LIM
MAHABANK	BANK OF MAHARASHT
MAHAPEX_a	MAHA RASHTRA APEX
MAHAVIR_a	MAHAVIR SPINNING 
MAHINDU_a	MAHINDRA UGINE ST
MAHSCOOTE	MAHARASHTRA SCOOT
MAHSEAM_a	MAHARASHTRA SEAML
MALWACOTT	MALWA COTTON SPG.
MANALIPET	MANALI PETROCHEMI
MANGALAM	Mangalam Drugs An
MANGLMCEM	MANGALAM CEMENT L
MANGTIM_a	MANGALAM TIMBER P
MANINDS_a	MAN INDUSTRIES (I
MARALOV_a	MARAL OVERSEAS LT
MARDIACHE	MARDIA CHEMICALS 
MARDIASTL	MARDIA STEEL LTD
MARICOIND	MARICO INDUSTRIES
MARUTIO_a	MARUTI ORGANICS L
MARUTI_a	MARUTI UDYOG LIMI
MASTEK	MASTEK LTD
MASTERSHA	UTI - MASTER SHAR
MATHPLA_a	MATHER & PLATT (I
MATRIXLAB	MATRIX LABORATORI
MAX	MAX INDIA LTD
MCDOWELL-	MCDOWELL & COMPAN
MCLEODRUS	McLeod Russel Ind
MEDIAVIDE	MEDIA VIDEO LTD
MELSTAR_a	MELSTAR INFORMATI
MICO_a	MOTOR INDUSTRIES 
MICRO_a	MICRO INKS LTD
MID-DAY_a	MID-DAY MULTIMEDI
MIRCELE_a	MIRC ELECTRONICS 
MIRZATA_a	MIRZA TANNERS LTD
MLL	Mercator Lines Li
MLL_a	MERCATOR LINES LI
MODIRUBBE	MODI RUBBER LTD
MONNETI_a	MONNET ISPAT LTD
MONSANTO	MONSANTO INDIA LI
MORAREA_a	MORARJEE REALTIES
MOREPENHT	BLUE COAST HOTELS
MOREPEN_a	MOREPEN LAB. LTD
MORGANSTA	MORGAN STANLEY
MOSERBA_a	MOSER-BAER (I) LT
MOTHERSUM	MOTHERSON SUMI SY
MOTOGEN_a	MOTOR & GENERAL F
MPHASISBF	MPHASIS BFL LIMIT
MRF	MRF LTD
MRINALDYE	MRINAL DYE & MNF 
MRO-TEK	MRO-TEK LIMITED
MRPL_a	MRPL
MSKPROJ	MSK PROJECTS (IND
MSPL	MSP Steel & Power
MSPL_a	MSP STEEL & POWER
MTNL_a	MAHANAGAR TELEPHO
MUKANDE_a	MUKAND ENGINEERS 
MUKANDLTD	MUKAND LTD.
MUKAND_a	MUKAND LTD
MUKTAARTS	MUKTA ARTS LIMITE
MUNJALA_a	MUNJAL AUTO INDS 
MUNJALSHO	MUNJAL SHOWA LTD
MURUDCERA	MURUDESHWAR CERAM
MYSORECEM	MYSORE CEMENTS LT
NAGARFE_a	NAGARJUNA FERTILI
NAGPURENG	JAYASWALS NECO LT
NAHAREXP	NAHAR EXPORTS LTD
NAHARINTL	NAHAR INTERNATION
NAHARSP_a	NAHAR SPINNING MI
NAMASTEXP	NAMASTE EXPORTS L
NARMADASU	GIRDHARILAL SUGAR
NARMDCHEM	NARMADA CHEMATUR 
NATCOPH_a	NATCO PHARMA LTD.
NATHSEE_a	NATH SEEDS LTD
NATIONALU	NATIONAL ALUMINIU
NATNLST_a	NATIONAL STEEL & 
NAVBARFER	NAVA BHARAT FERRO
NAVNETPUB	NAVNEET PUBLICATI
NDTV_a	NDTV LTD
NECLIFE	Nectar Lifescienc
NECLIFE_a	NECTAR LIFESCIENC
NELCO_a	NELCO LTD
NEOCURTHE	NEOCURE THERAPEUT
NEPCAGRO	NEPC AGRO FOODS L
NEPCMICON	NEPC INDIA LTD
NEPCTEX_a	NEPC TEXTILES LTD
NESTLE_a	NESTLE INDIA LTD
NETVISTAI	NETVISTA INFO TEC
NEYVELILI	NEYVELI LIGNITE C
NICCOCORP	NICCO CORPORATION
NICOLASPI	NICOLAS PIRAMAL I
NIFTYBE_a	NIFTY BMARK EXCH.
NIITLTD_a	NIIT LIMITED
NIITTECH	NIIT TECHNOLOGIES
NILKAMPLS	NILKAMAL PLASTICS
NIPPOBA_a	INDO NATIONAL LTD
NIPPOND_a	ISPAT INDUSTRIES 
NIRMA_a	NIRMA LTD
NKIND_a	NK INDUSTRIES LTD
NOCIL_a	NOCIL
NOIDATOLL	NOIDA TOLL BRIDGE
NORBTEA_a	NORBEN TEA & EXPO
NOVAELE_a	NOVA ELECTROMAGNE
NOVAIRN_a	NOVA IRON AND STE
NOVAPET_a	NOVA PETROCHEMICA
NOVARTIND	NOVARTIS INDIA LT
NOVASTE_a	NOVA STEEL INDIA 
NOVOPAN_a	NOVOPAN INDUSTRIE
NRBBEAR_a	NRB BEARING LIMIT
NRC	NRC  LTD
NSIL_a	Nalwa Sons Invest
NTPC_a	NTPC LTD
NUCENTFIN	NUCENT FINANCE LT
NUCHEM	NUCHEM LTD
NUCLEUS_a	NUCLEUS SOFTWARE 
NUMERIC_a	NUMERIC POW. SYS.
OENCONNEC	FCI OEN CONNECTOR
OILCOUNTU	OIL COUNTRY TUBUL
OMAXAUTO	OMAX AUTOS LTD
ONGC	OIL AND NATURAL G
ONWARDTEC	ONWARD TECHNOLOGI
OPTOCIRCU	OPTO CIRCUITS (I)
ORCHIDCHE	ORCHID CHEMICALS 
ORIENTBAN	ORIENTAL BANK OF 
ORIENTH_a	ORIENT HOTELS LTD
ORIENTI_a	ORIENT INFORMATIO
ORIENTPPR	ORIENT PAPER AND 
ORIENTPRE	ORIENT PRESS LTD
OSWALAGRO	OSWAL AGRO MILLS 
OUDHSUG_a	OUDH SUGAR MILLS 
PADMALAYA	PADMALAYA TELEFIL
PANACEA_a	PANACEA BIOTEC LT
PANASIAIN	PAN ASIA INDUSTRI
PANTALO_a	PANTALOON RETAIL 
PAPERPR_a	THE PAPER PRODUCT
PARADYNE	Paradyne Infotech
PARADYN_a	PARADYNE INFOTECH
PARASPETR	PARAS PETROFILS L
PAREKHPLA	PAREKH PLATINUM L
PASUPATFA	PASUPATI FABRICS 
PATELENG	PATEL ENGINEERING
PATNI_a	PATNI COMPUTER SY
PATSPIN_a	PATSPIN INDIA LTD
PAVCI_a	PANASONIC AVC NET
PBAINFRA	PBA Infrstructure
PBAINFR_a	PBA INFRASTRUCTUR
PDUMJEAGR	PUDUMJEE AGRO IND
PDUMJEPUL	PUDUMJEE PULP & P
PEACOCK_a	PEACOCK INDUSTRIE
PEARLGLOB	PEARL GLOBAL LTD
PEARLPO_a	PEARL POLYMERS LT
PENTACOMM	PENTASOFT TECHNOL
PENTSFW_a	PENTAMEDIA GRAPHI
PEPL_a	PEARL ENGG POLYME
PERLENG_a	SAMBHAAV MEDIA LT
PETRONENG	PETRON ENGG. CONS
PETRONE_a	PETRONET LNG LIMI
PFIZER	PFIZER LTD
PHARMAC_a	PHARMACIA HEALTHC
PHILCOR_a	PHIL CORPORATION 
PHILIPC_a	PHILIPS CARBON BL
PHOENIX_a	PHOENIX LAMPS IND
PHOENXINT	PHOENIX INTERNATI
PIDILITIN	PIDILITE INDUSTRI
PIRAMYDRE	Piramyd Retail Li
PIRAMYD_a	PIRAMYD RETAIL LT
PNB	PUNJAB NATIONAL B
PNBGILTS	PNB GILTS LIMITED
PNC	PRITISH NANDY COM
POLARIN_a	POLAR INDUSTRIES 
POLARIS	POLARIS SOFTWARE 
POLYPLE_a	POLYPLEX CORPORAT
PONNIER_a	PONNIE SUGARS (ER
PONNIORIS	PONNI SUGARS (ORI
PRAJIND_a	PRAJ INDUSTRIES L
PRAKASH	PRAKASH INDUSTRIE
PRASGLOFI	SILICON VALLEY IN
PRECWIR_a	PRECISION WIRES I
PREMAUTO	PREMIER AUTOMOBIL
PREMAUTOE	PREMIER AUTO ELEC
PREMIERPO	PREMIER POLYFILM 
PREMINS_a	PREMIER INSTRUMEN
PRIMESEC	PRIME SECURITIES 
PRIMESECU	Prime Securities 
PRISMCEM	PRISM CEMENTS LTD
PRITHVI	Prithvi Informati
PRIYADCEM	PRIYADARSHINI CEM
PROVOGU_a	PROVOGUE (INDIA) 
PRUDMOU_a	PRUDENTIAL SUGAR 
PSIDATA_a	PSI DATA SYSTEMS 
PSL	PSL LIMITED
PTC_a	PTC INDIA LIMITED
PUNJABT_a	PUNJAB TRACTORS L
RADAAN	RADAAN MEDIAWORKS
RADICOKHA	RADICO KHAITAN LT
RAINCALCI	RAIN CALCINING LT
RAJASSP_a	RAJASTHAN SPG & W
RAJESHE_a	RAJESH EXPORTS LT
RAJSREESU	RAJSHREE SUGAR & 
RAJVIR	Rajvir Industries
RAJVIR_a	RAJVIR INDUSTRIES
RALLIS	RALLIS INDIA LTD
RAMANEWSP	RAMA NEWSPRINT AN
RAMCOIND	RAMCO INDUSTRIES 
RAMCOSY_a	RAMCO SYSTEMS LTD
RAMGOPO_a	RAMGOPAL POLYTEX 
RANASUG	RANA SUGARS LTD.
RANBAXY_a	RANBAXY LABS LTD
RANEBRAKE	RANE BRAKE LINING
RANEMAD_a	RANE (MADRAS) LTD
RAYMOND	RAYMOND LTD
RCF_a	RASHTRIYA CHEMICA
REALVALAP	REAL VALUE APPLIA
RECKCOL_a	RECKITT BENCKISER
REGENCERA	REGENCY CERAMICS 
REIAGRO_a	REI AGRO LIMITED
REL	RELIANCE ENERGY L
RELCAPITA	RELIANCE CAPITAL 
REMSONSIN	REMSONS INDUSTRIE
RENUKA	Shree Renuka Suga
RENUKA_a	SHREE RENUKA SUGA
REVATHI	Revathi Equipment
REVATHI_a	REVATHI EQUIPMENT
REVL	RANE ENGINE VALVE
RICOAUT_a	RICO AUTO INDUSTR
RIIL	RELIANCE INDUSTRI
RINKIPETR	MOTOROL ENTERPRIS
RKFORGE_a	RAMKRISHNA FORGIN
RML_a	RANE (MADRAS) LIM
ROLTA	ROLTA INDIA LTD
RPGTELE_a	RPG CABLES LTD
RSSOFTWAR	R S SOFTWARE
RUBYMIL_a	THE RUBY MILLS LT
RUCHINF_a	RUCHI INFRASTRUCT
RUCHISOYA	RUCHI SOYA INDUST
S&SPOWER	S&S POWER SWITCHG
SABEROR_a	SABERO ORGANICS G
SAELTD	RPG TRANSMISSION 
SAHPETR_a	SAH PETROLEUMS LI
SAIL_a	STEEL AUTHORITY O
SAITELE	SAI TELEVISION LT
SAKHTIS_a	SAKTHI SUGARS LTD
SAKSOFT	Saksoft Limited
SALORAINT	SALORA INTERNATIO
SALSTEE_a	S.A.L. STEEL LTD.
SAMTEL_a	SAMTEL COLOR LTD
SANDESH_a	SANDESH LTD
SANGAMI_a	SANGAM (INDIA) LT
SANGHIIND	SANGHI INDUSTRIES
SANGHIP_a	SANGHI POLYESTER 
SAREGAM_a	SAREGAMA INDIA LI
SASKEN	Sasken Commu Tech
SASKEN_a	SASKEN COMMU TECH
SATNAMO_a	SATNAM OVERSEAS L
SATYAMCOM	SATYAM COMPUTER S
SAVITACHE	SAVITA CHEMICALS 
SAWPIPE_a	SAW PIPES LTD. DE
SBBJ_a	STATE BANK OF BIK
SBIHOMEFI	SBI HOME FINANCE 
SBIN	STATE BANK OF IND
SBT_a	STATE BANK OF TRA
SCANDENT	SCANDENT SOLUTION
SCINTSOFT	SCINTILLA SFWARE 
SCI_a	SHIPPING CORP OF 
SEAMECLTD	SOUTH EAST ASIA M
SEARCHEMI	SEARCH CHEM IND L
SEARLEI_a	RPG LIFE SCIENCES
SESAGOA_a	SESA GOA LTD
SESHAPAPE	SESHASAYEE PAPER 
SHAHALLOY	Shah Alloys Limit
SHAHALL_a	SHAH ALLOYS LIMIT
SHAKTIG_a	SHRI SHAKTI LPG L
SHAMKNF_a	SHAMKEN MULTIFAB 
SHANTIGEA	SHANTHI GEARS LTD
SHASUNC_a	SHASUN CHEMICALS 
SHIV-VANI	Shiv Vani Oil&G.E
SHIV-VA_a	SHIVVANI OIL&G.ES
SHIVLOH_a	SHIVALIK LOHA MIL
SHIVTEX_a	SHIVA TEXYARN LIM
SHOPERSTO	SHOPPERS STOP LT
SHREAMB_a	SHREE AMBESHWAR P
SHREECEM	SHREE CEMENTS LTD
SHREERA_a	SHREE RAMA MULTI 
SHRENUJ_a	SHRENUJ & CO LTD
SHREYANIN	SHREYANS INDUSTRI
SHREYAS_a	SHREYAS SHIPPING 
SHRINGA_a	Shringar Cinemas 
SHRIRAMCI	SHRIRAM CITYUNI F
SHRIRAMIN	SHRIRAM INVESTMEN
SHRIYAMSE	SHRIYAM SEC & FIN
SHRMHONDA	HONDA SIEL POWER 
SHRVINDPP	SHREE VINDHYA PAP
SHYAMTELE	SHYAM TELECOM LTD
SICAL	SOUTH INDIA CORP 
SIEMENS_a	SIEMENS LTD
SILTAPC_a	SILTAP CHEMICALS 
SIL_a	STANDARD INDUSTRI
SIMPLEXCO	SIMPLEX CONCRET P
SINTEX_a	SINTEX INDUSTRIES
SIRPAPER	SIRPUR PAPER MILL
SIVIND_a	SIV INDUSTRIES LT
SKFBEARIN	SKF BEARINGS(I) L
SKFINDIA	SKF INDIA LTD
SKMEGGP_a	SKM EGG PROD EXPO
SKUMARS_a	S KUMARS NATIONWI
SMZSCHE_a	SMZS CHEMICALS LT
SNOWCEMIN	SNOWCEM INDIA LTD
SOFTPRO	SOFTPRO SYSTEMS L
SOFTSOL_a	SSI LTD
SOFTTEC_a	SOFTWARE TECHNOLO
SOLECTC_a	SOLECTRON CENTUM 
SOMATEX	SOMA TEXTILES & I
SONASTEER	SONA KOYO STER SY
SONATSOFT	SONATA SOFTWARE L
SOUNDCRAF	SOUND CRAFT INDUS
SOUTHBA_a	THE SOUTH INDIAN 
SPECIALST	TATA SSL LTD
SPIC	SPIC LTD
SPLIL	SPL Industries Li
SPLIL_a	SPL INDUSTRIES LI
SPLLTD	SPL LTD
SQRDSFWAR	DSQ SOFTWARE LTD
SQUAREDBI	ORIGIN AGROSTAR L
SREERAY_a	SREE RAYALSEEMA A
SREINTF_a	SREI INFRASTRUCTU
SRERAYHIS	SREE RAYALSEEMA H
SRF_a	SRF LTD
SRGINFOTE	SRG INFOTECH (IND
SRIADIK_a	SRI ADHIKARI BROT
SRTRANSFI	SHRIRAM TRANSPORT
SSWL	Steel Strips Whee
STAR	STRIDES ARCOLAB L
STARPAP_a	STAR PAPER MILLS 
STCINDI_a	THE STATE TRADING
STEELTUBE	STEEL TUBES OF IN
STERLINBI	STERLING BIOTECH 
STER_a	STERLITE INDS (IN
STINDIA	STI INDIA LTD
STROPTICA	STERLITE OPTICAL 
SUBCAPC_a	INTL CONSTRUCTION
SUBEX_a	SUBEX SYSTEMS LTD
SUBHASPRO	SUBHASH PROJECTS 
SUDARSCHE	SUDARSHAN CHEMICA
SUNDARMFI	SUNDARAM FINANCE 
SUNDRMBRA	SUNDARAM BRAK LIN
SUNDRMC_a	SUNDARAM CLAYTON 
SUNDRMFAS	SUNDARAM FASTENER
SUNPHARMA	SUN PHARMACEUTICA
SUPERFO_a	SUPER FORGINGS AN
SUPERSP_a	SUPER SPINNING MI
SUPPETRO	SUPREME PETROCHEM
SUPRAJIT	SUPRAJIT ENGINEER
SUPREMEIN	SUPREME INDUSTRIE
SURAJDIAM	SURAJ DIAMONDS LT
SURANATEL	SURANA TELECOM LT
SURATEL_a	THE SURAT ELECTRI
SURYALAXM	Suryalakshmi Cot 
SURYAPHAR	SURYA PHARMACEUTI
SURYAROSN	SURYA ROSHNI LTD
SURYCOTMI	SURYALAKSHMI COTT
SUTLEJIND	SUTLEJ INDUSTRIES
SUVEN	SUVEN LIFE SCIENC
SUZLON	Suzlon Energy Lim
SUZLON_a	SUZLON ENERGY LIM
SWARAJE_a	SWARAJ ENGINES LT
SWARAJMAZ	SWARAJ MAZDA LTD
SYNDIBA_a	SYNDICATE BANK
TAJGVK	TAJ GVK HOTELS & 
TASCPHARM	TASC PHARMACEUTIC
TATACHE_a	TATA CHEMICALS LT
TATAELX_a	TATA ELXSI (I) LT
TATAFIN_a	TATA FINANCE LTD
TATAHONEY	TATA HONEWELL LTD
TATAINFO	INFOMEDIA INDIA L
TATAINF_a	TATA INFOTECH LTD
TATAMET_a	TATA METALIKS LTD
TATAMOT_a	TATA MOTORS LIMIT
TATAPOWER	TATA POWER CO LTD
TATASPONG	TATA SPONGE IRON 
TATATEA	TATA TEA LTD
TATATELSE	TATA TELESERV(MAH
TATAVASHI	VASHISTI DETERGEN
TCIFINA_a	TCI FINANCE LTD
TCI_a	TRANSPORT CORPN O
TCS_a	TATA CONSULTANCY 
TECILCH_a	TECIL CHEM AND HY
TELEDAT_a	TELEDATA INFORMAT
TEXMACO_a	TEXMACO LIMITED
TFCILTD_a	TOURISM FINANCE C
THERMAX	THERMAX LTD
THIRUSUGA	THIRU AROORAN SUG
THOMASC_a	THOMAS COOK (INDI
TIL	TIL LTD
TIMESGTY	TIMES GUARANTY LI
TIPSIND_a	TIPS INDUSTRIES L
TIRUMAL_a	THIRUMALAI CHEMIC
TISCO_a	TATA IRON AND STE
TITANOC_a	TITANOR COMPONENT
TITAN_a	TITAN INDUSTRIES 
TNPETRO_a	TAMILNADU PETROPR
TNPL_a	TAMILNADU NEWSPRT
TNTELE	TAMILNADU TELECOM
TODAYS	TODAY'S WRITING P
TOKYOPLAS	TOKYO PLAST INTL 
TORNTPH_a	TORRENT PHARMACEU
TORRENT_a	TORRENT POWER SEC
TRAFALHSE	SKANSKA CEMENTATI
TRENT	TRENT LTD
TRIVENI	TRIVENI ENGG. & I
TTKPRESTI	TTK PRESTIGE LTD
TUBEINVES	TUBE INVESTMENTS 
TV18_a	TELEVISION 18 (I)
TVSELECT	TVS ELECTRONICS L
TVSMOTO_a	TVS MOTOR COMPANY
TVTODAY_a	TV TODAY NETWORK 
UCOBANK	UCO BANK
ULTRACE_a	ULTRATECH CEMENT 
UMITL_a	USHA MARTIN INFOT
UNICHEM_a	UNICHEM LABORATOR
UNIENTER	UNIPHOS ENTERPRIS
UNIONBANK	UNION BANK OF IND
UNIONCARB	EVEREADY INDUSTRI
UNIPHOS	UNITED PHOSPHOROU
UNITECH	UNITECH LTD
UNITEDP_a	UNITED PHOSPHORUS
UNIVCABLE	UNIVERSAL CABLES 
UNIWEST_a	UNITED WESTERN BA
UPERGANGE	UPPER GANGES SUGA
USHAMAR_a	USHA MARTIN LTD.
UTIBANK_a	UTI BANK LTD
UTISUNDER	S&P CNX NIFTY UTI
UTTAMST_a	UTTAM GALVA STEEL
UTVSOF	UTV SOFT. COMM. L
VARDHAC_a	VARDHAMAN ACRYLIC
VARDHMN_a	VARDHMAN SPG & GE
VARDMNPOL	VARDHMAN POLYTEX 
VARUNSHIP	VARUN SHIPPING LT
VATSALT_a	VATSA CORPORATION
VATSMUSC	VATSA MUSIC LTD
VDOCONA_a	VIDEOCON APPLIANC
VDOCONINT	VIDEOCON INTERNAT
VENKEYS	VENKY'S (INDIA) L
VESUVIU_a	VESUVIUS INDIA LT
VIDEOIN_a	VIDEOCON INDUSTRI
VIJAYAB_a	VIJAYA BANK
VIKASHMET	Vikash Metal & Po
VIKASHM_a	VIKASH METAL & PO
VINDHYA_a	VINDHYA TELELINKS
VINTAGE	VINTAGE CARDS & C
VINYLCH_a	VINYL CHEMICALS (
VIPIND	VIP INDUSTRIES LT
VIRAJFO_a	VIRAJ FORGINGS LT
VISAKAIND	VISAKA INDUSTRIES
VISESHI_a	VISESH INFOTECNIC
VISHALE_a	VISHAL EXPORTS OV
VISIONL_a	VISION ORGANICS L
VISUALS_a	VISUALSOFT TECHNO
VITALCO_a	VITAL COMMUNICATI
VIVIMEDLA	Vivimed Labs Limi
VIVIMED_a	VIVIMED LABS LIMI
VLSFINANC	VLS FINANCE LTD
VOLTAS_a	VOLTAS LTD
VSGML	Vardhman Spg & Ge
VSNL_a	VIDESH SANCHAR NI
VSTIND	VST INDUSTRIES LT
VXL	BIRLA VXL INDIA L
VYSYABA_a	ING VYSYA BANK LT
WARTSIL_a	WARTSILA  INDIA L
WEIZMANIN	WEIZMANN LTD
WELGUJ_a	Welspun Gujarat S
WELLWIN_a	WELLWIN INDUSTRY 
WELSPUNGU	WELSPUN GUJ STAHL
WELSPUNIN	WELSPUN INDIA LTD
WESTINDIA	WESTERN INDIA IND
WESTNPAQU	WESTERN PAQUES (I
WHEELS	WHEELS INDIA LTD
WILLAMA_a	WILLIAMSON MAGOR
WIMCOLTD	Wimco Limited
WIMCO_a	WIMCO LTD
WINDSOR_a	WINDSOR MACHINES 
WINSOMY_a	WINSOME YARNS LTD
WIPRO	WIPRO LTD
WOCKPHA_a	WOCKHARDT LIMITED
WSTCSTP_a	WEST COAST PAPER 
WYETHLE_a	WYETH  LTD.
YESBANK	Yes Bank Limited 
YOKOGAW_a	YOKOGAWA INDIA LT
ZEETELE	ZEE TELEFILMS LTD
ZENITHC_a	ZENITH COMPUTERS 
ZENITHE_a	ZENITH EXPORTS LT
ZENITHINF	ZENITH INFOTECH L
ZENSARTEC	ZENSAR TECHNOLOGI
ZODIACLOT	ZODIAC CLOTHING C
ZODJRDM_a	ZODIAC JRD-MKJ LT
ZUARIAGRO	ZUARI INDUSTRIES 
